npi,provider_name,entity_type,specialty_code,tin,network_status,address_line1,city,state,license_state
1972344646,FICTIONAL_JAMIE_WILLIAMS_MD,1,282N00000X,46-9838415,TIER_2,4765 FICTIONAL_MEDICAL_DR,FICTIONAL_CITY_0,DE,DE
2812577882,FICTIONAL_SKYLAR_HERNANDEZ_MD,1,207X00000X,86-3861888,TIER_2,6767 FICTIONAL_MEDICAL_DR,FICTIONAL_CITY_1,WV,WV
8443638704,FICTIONAL_JONES_MEDICAL_CENTER,2,2080P0203X,10-8660100,TIER_2,4924 FICTIONAL_MEDICAL_DR,FICTIONAL_CITY_2,WV,WV
7229410122,FICTIONAL_QUINN_MILLER_MD,1,207RC0000X,28-4931874,TIER_1,438 FICTIONAL_MEDICAL_DR,FICTIONAL_CITY_3,DC,DC
0447566429,FICTIONAL_DAVIS_MEDICAL_CENTER,2,2084P0800X,99-8071399,TIER_1,1531 FICTIONAL_MEDICAL_DR,FICTIONAL_CITY_4,MD,MD
5222805744,FICTIONAL_SKYLAR_BROWN_MD,1,207Q00000X,68-3061060,TIER_2,9793 FICTIONAL_MEDICAL_DR,FICTIONAL_CITY_5,PA,PA
0772716839,FICTIONAL_RILEY_WILSON_MD,1,2080P0203X,35-1074648,TIER_1,4305 FICTIONAL_MEDICAL_DR,FICTIONAL_CITY_6,WV,WV
6503206669,FICTIONAL_RODRIGUEZ_MEDICAL_CENTER,2,261Q00000X,72-7651203,TIER_1,4770 FICTIONAL_MEDICAL_DR,FICTIONAL_CITY_7,DC,DC
8186448618,FICTIONAL_ALEX_JOHNSON_MD,1,207Q00000X,74-4655564,OUT_OF_NETWORK,1996 FICTIONAL_MEDICAL_DR,FICTIONAL_CITY_8,NC,NC
5816667880,FICTIONAL_HAYDEN_MILLER_MD,1,207X00000X,21-3475456,OUT_OF_NETWORK,7818 FICTIONAL_MEDICAL_DR,FICTIONAL_CITY_9,DE,DE
1797889932,FICTIONAL_SKYLAR_HERNANDEZ_MD,1,261Q00000X,85-9861597,OUT_OF_NETWORK,9383 FICTIONAL_MEDICAL_DR,FICTIONAL_CITY_10,VA,VA
9679933082,FICTIONAL_HAYDEN_HERNANDEZ_MD,1,2084P0800X,59-5362148,IN_NETWORK,9481 FICTIONAL_MEDICAL_DR,FICTIONAL_CITY_11,NC,NC
8344292866,FICTIONAL_CASEY_LOPEZ_MD,1,207Q00000X,77-7528181,TIER_2,1279 FICTIONAL_MEDICAL_DR,FICTIONAL_CITY_12,DE,DE
8114909962,FICTIONAL_MILLER_MEDICAL_CENTER,2,2080P0203X,27-9044302,OUT_OF_NETWORK,3032 FICTIONAL_MEDICAL_DR,FICTIONAL_CITY_13,WV,WV
4182366870,FICTIONAL_AVERY_RODRIGUEZ_MD,1,2084P0800X,29-2032601,IN_NETWORK,8708 FICTIONAL_MEDICAL_DR,FICTIONAL_CITY_14,MD,MD
4884736057,FICTIONAL_CAMERON_GONZALEZ_MD,1,207X00000X,70-2435880,IN_NETWORK,1092 FICTIONAL_MEDICAL_DR,FICTIONAL_CITY_15,VA,VA
0910112818,FICTIONAL_ALEX_WILSON_MD,1,282N00000X,99-1220647,OUT_OF_NETWORK,8501 FICTIONAL_MEDICAL_DR,FICTIONAL_CITY_16,DC,DC
5351027979,FICTIONAL_SAGE_LOPEZ_MD,1,207RC0000X,47-3932028,TIER_2,9722 FICTIONAL_MEDICAL_DR,FICTIONAL_CITY_17,DC,DC
3458977949,FICTIONAL_QUINN_JONES_MD,1,207X00000X,63-9781659,TIER_1,2233 FICTIONAL_MEDICAL_DR,FICTIONAL_CITY_18,WV,WV
1619180221,FICTIONAL_SKYLAR_WILSON_MD,1,2080P0203X,78-8901993,IN_NETWORK,4167 FICTIONAL_MEDICAL_DR,FICTIONAL_CITY_19,WV,WV
8203575286,FICTIONAL_CAMERON_MARTINEZ_MD,1,282N00000X,39-2067723,OUT_OF_NETWORK,7831 FICTIONAL_MEDICAL_DR,FICTIONAL_CITY_20,DE,DE
5184094576,FICTIONAL_CAMERON_DAVIS_MD,1,282N00000X,23-6144031,TIER_2,3887 FICTIONAL_MEDICAL_DR,FICTIONAL_CITY_21,VA,VA
4629504265,FICTIONAL_CAMERON_JONES_MD,1,282N00000X,38-7045627,TIER_1,2727 FICTIONAL_MEDICAL_DR,FICTIONAL_CITY_22,PA,PA
0251172785,FICTIONAL_JAMIE_MARTINEZ_MD,1,2084P0800X,23-7165077,IN_NETWORK,8196 FICTIONAL_MEDICAL_DR,FICTIONAL_CITY_23,WV,WV
1434991752,FICTIONAL_HAYDEN_BROWN_MD,1,261Q00000X,17-5660379,TIER_2,7117 FICTIONAL_MEDICAL_DR,FICTIONAL_CITY_24,NC,NC
7207060600,FICTIONAL_HAYDEN_GARCIA_MD,1,207RC0000X,78-7351366,OUT_OF_NETWORK,5263 FICTIONAL_MEDICAL_DR,FICTIONAL_CITY_25,DC,DC
7648752559,FICTIONAL_SAGE_BROWN_MD,1,2084P0800X,53-2016944,IN_NETWORK,2648 FICTIONAL_MEDICAL_DR,FICTIONAL_CITY_26,WV,WV
5536402071,FICTIONAL_JONES_MEDICAL_CENTER,2,207R00000X,76-8693483,TIER_2,4345 FICTIONAL_MEDICAL_DR,FICTIONAL_CITY_27,DC,DC
5450587626,FICTIONAL_JORDAN_JOHNSON_MD,1,207R00000X,36-8168928,TIER_2,1087 FICTIONAL_MEDICAL_DR,FICTIONAL_CITY_28,VA,VA
8188165574,FICTIONAL_AVERY_MILLER_MD,1,207R00000X,85-8947328,TIER_2,5513 FICTIONAL_MEDICAL_DR,FICTIONAL_CITY_29,VA,VA
9385876906,FICTIONAL_SKYLAR_RODRIGUEZ_MD,1,207Q00000X,98-5493142,TIER_2,2969 FICTIONAL_MEDICAL_DR,FICTIONAL_CITY_30,NC,NC
2755771625,FICTIONAL_GONZALEZ_MEDICAL_CENTER,2,2080P0203X,67-2068565,OUT_OF_NETWORK,7044 FICTIONAL_MEDICAL_DR,FICTIONAL_CITY_31,DE,DE
1677572863,FICTIONAL_SKYLAR_GONZALEZ_MD,1,207R00000X,26-5480275,TIER_1,8436 FICTIONAL_MEDICAL_DR,FICTIONAL_CITY_32,MD,MD
2762746982,FICTIONAL_RILEY_WILLIAMS_MD,1,2080P0203X,46-6999755,OUT_OF_NETWORK,598 FICTIONAL_MEDICAL_DR,FICTIONAL_CITY_33,MD,MD
0278701533,FICTIONAL_JORDAN_MARTINEZ_MD,1,282N00000X,86-7338868,TIER_1,1579 FICTIONAL_MEDICAL_DR,FICTIONAL_CITY_34,VA,VA
5905619487,FICTIONAL_QUINN_GARCIA_MD,1,261Q00000X,56-2240022,OUT_OF_NETWORK,5570 FICTIONAL_MEDICAL_DR,FICTIONAL_CITY_35,MD,MD
5815914978,FICTIONAL_AVERY_MARTINEZ_MD,1,207R00000X,99-2549883,TIER_2,9429 FICTIONAL_MEDICAL_DR,FICTIONAL_CITY_36,PA,PA
5413591566,FICTIONAL_AVERY_GARCIA_MD,1,207RC0000X,40-6756306,TIER_1,1742 FICTIONAL_MEDICAL_DR,FICTIONAL_CITY_37,PA,PA
1668500857,FICTIONAL_ALEX_HERNANDEZ_MD,1,2084P0800X,65-1996180,TIER_2,2107 FICTIONAL_MEDICAL_DR,FICTIONAL_CITY_38,VA,VA
7170540026,FICTIONAL_ALEX_LOPEZ_MD,1,2080P0203X,50-5143808,OUT_OF_NETWORK,6533 FICTIONAL_MEDICAL_DR,FICTIONAL_CITY_39,PA,PA
9289812742,FICTIONAL_JORDAN_LOPEZ_MD,1,207Q00000X,73-5206278,TIER_2,7200 FICTIONAL_MEDICAL_DR,FICTIONAL_CITY_0,NC,NC
5896534158,FICTIONAL_ALEX_LOPEZ_MD,1,207Q00000X,35-6084677,OUT_OF_NETWORK,8031 FICTIONAL_MEDICAL_DR,FICTIONAL_CITY_1,WV,WV
1743002267,FICTIONAL_SKYLAR_MILLER_MD,1,207RC0000X,76-7294586,TIER_2,8082 FICTIONAL_MEDICAL_DR,FICTIONAL_CITY_2,DE,DE
5212871193,FICTIONAL_TAYLOR_GONZALEZ_MD,1,282N00000X,49-9434833,TIER_1,2411 FICTIONAL_MEDICAL_DR,FICTIONAL_CITY_3,PA,PA
6330269476,FICTIONAL_SKYLAR_RODRIGUEZ_MD,1,2080P0203X,10-8457576,TIER_1,7054 FICTIONAL_MEDICAL_DR,FICTIONAL_CITY_4,WV,WV
1481722134,FICTIONAL_CASEY_HERNANDEZ_MD,1,207X00000X,91-7707533,IN_NETWORK,5900 FICTIONAL_MEDICAL_DR,FICTIONAL_CITY_5,WV,WV
0881684019,FICTIONAL_JOHNSON_MEDICAL_CENTER,2,282N00000X,16-7759694,IN_NETWORK,7971 FICTIONAL_MEDICAL_DR,FICTIONAL_CITY_6,DC,DC
3421560723,FICTIONAL_QUINN_DAVIS_MD,1,207RC0000X,13-6554635,TIER_2,1709 FICTIONAL_MEDICAL_DR,FICTIONAL_CITY_7,MD,MD
9439353852,FICTIONAL_CAMERON_WILSON_MD,1,282N00000X,23-7184956,TIER_2,2880 FICTIONAL_MEDICAL_DR,FICTIONAL_CITY_8,PA,PA
9375433205,FICTIONAL_ALEX_LOPEZ_MD,1,282N00000X,77-3403282,IN_NETWORK,4701 FICTIONAL_MEDICAL_DR,FICTIONAL_CITY_9,MD,MD
0303183020,FICTIONAL_SAGE_WILSON_MD,1,261Q00000X,24-4050038,TIER_2,7005 FICTIONAL_MEDICAL_DR,FICTIONAL_CITY_10,DC,DC
5712129969,FICTIONAL_TAYLOR_GONZALEZ_MD,1,282N00000X,98-1666209,OUT_OF_NETWORK,7361 FICTIONAL_MEDICAL_DR,FICTIONAL_CITY_11,PA,PA
4752797546,FICTIONAL_WILSON_MEDICAL_CENTER,2,207Q00000X,96-9781749,TIER_1,9191 FICTIONAL_MEDICAL_DR,FICTIONAL_CITY_12,WV,WV
3192821510,FICTIONAL_ALEX_GARCIA_MD,1,261Q00000X,34-2710106,OUT_OF_NETWORK,9790 FICTIONAL_MEDICAL_DR,FICTIONAL_CITY_13,VA,VA
1513648612,FICTIONAL_SAGE_MILLER_MD,1,2080P0203X,20-9766535,TIER_2,5159 FICTIONAL_MEDICAL_DR,FICTIONAL_CITY_14,DE,DE
3222984346,FICTIONAL_TAYLOR_HERNANDEZ_MD,1,207RC0000X,35-6263095,OUT_OF_NETWORK,5645 FICTIONAL_MEDICAL_DR,FICTIONAL_CITY_15,DE,DE
2186549418,FICTIONAL_TAYLOR_BROWN_MD,1,207RC0000X,62-8170929,IN_NETWORK,2387 FICTIONAL_MEDICAL_DR,FICTIONAL_CITY_16,NC,NC
8249544155,FICTIONAL_DREW_LOPEZ_MD,1,261Q00000X,39-6710152,TIER_2,1237 FICTIONAL_MEDICAL_DR,FICTIONAL_CITY_17,DE,DE
2676236799,FICTIONAL_DAVIS_MEDICAL_CENTER,2,207R00000X,45-7445370,IN_NETWORK,1510 FICTIONAL_MEDICAL_DR,FICTIONAL_CITY_18,WV,WV
9721317649,FICTIONAL_SAGE_WILLIAMS_MD,1,207X00000X,80-4003951,OUT_OF_NETWORK,9486 FICTIONAL_MEDICAL_DR,FICTIONAL_CITY_19,NC,NC
2995047968,FICTIONAL_JAMIE_DAVIS_MD,1,207RC0000X,63-4703841,IN_NETWORK,4112 FICTIONAL_MEDICAL_DR,FICTIONAL_CITY_20,WV,WV
3071914683,FICTIONAL_JAMIE_RODRIGUEZ_MD,1,207RC0000X,41-2484149,TIER_2,7684 FICTIONAL_MEDICAL_DR,FICTIONAL_CITY_21,PA,PA
3798728028,FICTIONAL_SKYLAR_MILLER_MD,1,207X00000X,82-5331627,TIER_2,7053 FICTIONAL_MEDICAL_DR,FICTIONAL_CITY_22,WV,WV
6372928096,FICTIONAL_SAGE_JONES_MD,1,207RC0000X,80-9637314,TIER_2,3175 FICTIONAL_MEDICAL_DR,FICTIONAL_CITY_23,MD,MD
6561802151,FICTIONAL_AVERY_WILSON_MD,1,207R00000X,36-6025492,IN_NETWORK,9044 FICTIONAL_MEDICAL_DR,FICTIONAL_CITY_24,VA,VA
8506824944,FICTIONAL_DREW_RODRIGUEZ_MD,1,207Q00000X,72-2249759,OUT_OF_NETWORK,5042 FICTIONAL_MEDICAL_DR,FICTIONAL_CITY_25,DE,DE
6859155643,FICTIONAL_AVERY_GARCIA_MD,1,207R00000X,38-8856920,IN_NETWORK,5316 FICTIONAL_MEDICAL_DR,FICTIONAL_CITY_26,WV,WV
1137347286,FICTIONAL_QUINN_HERNANDEZ_MD,1,282N00000X,23-4353041,IN_NETWORK,7917 FICTIONAL_MEDICAL_DR,FICTIONAL_CITY_27,DC,DC
7659749791,FICTIONAL_BROWN_MEDICAL_CENTER,2,207Q00000X,24-5783266,IN_NETWORK,1898 FICTIONAL_MEDICAL_DR,FICTIONAL_CITY_28,DC,DC
2165123235,FICTIONAL_TAYLOR_HERNANDEZ_MD,1,207Q00000X,78-8284983,TIER_2,5173 FICTIONAL_MEDICAL_DR,FICTIONAL_CITY_29,VA,VA
2542647658,FICTIONAL_SAGE_MILLER_MD,1,207Q00000X,75-4900069,OUT_OF_NETWORK,815 FICTIONAL_MEDICAL_DR,FICTIONAL_CITY_30,VA,VA
8318715413,FICTIONAL_SKYLAR_MARTINEZ_MD,1,207R00000X,45-2250209,TIER_2,3160 FICTIONAL_MEDICAL_DR,FICTIONAL_CITY_31,VA,VA
0949565226,FICTIONAL_CAMERON_WILSON_MD,1,207R00000X,89-5196740,OUT_OF_NETWORK,9314 FICTIONAL_MEDICAL_DR,FICTIONAL_CITY_32,VA,VA
3770339513,FICTIONAL_CASEY_WILLIAMS_MD,1,207X00000X,43-3108126,IN_NETWORK,7393 FICTIONAL_MEDICAL_DR,FICTIONAL_CITY_33,DC,DC
8767246290,FICTIONAL_CASEY_GARCIA_MD,1,207Q00000X,32-8987241,IN_NETWORK,8202 FICTIONAL_MEDICAL_DR,FICTIONAL_CITY_34,WV,WV
8341173853,FICTIONAL_JAMIE_LOPEZ_MD,1,207RC0000X,78-5217677,TIER_2,5531 FICTIONAL_MEDICAL_DR,FICTIONAL_CITY_35,WV,WV
8309486628,FICTIONAL_AVERY_GONZALEZ_MD,1,207RC0000X,85-5785201,IN_NETWORK,7380 FICTIONAL_MEDICAL_DR,FICTIONAL_CITY_36,DC,DC
2643014006,FICTIONAL_ALEX_HERNANDEZ_MD,1,207R00000X,42-7691812,TIER_1,6264 FICTIONAL_MEDICAL_DR,FICTIONAL_CITY_37,NC,NC
5616653502,FICTIONAL_AVERY_LOPEZ_MD,1,2084P0800X,11-8389383,IN_NETWORK,2030 FICTIONAL_MEDICAL_DR,FICTIONAL_CITY_38,VA,VA
5992678248,FICTIONAL_HERNANDEZ_MEDICAL_CENTER,2,207R00000X,83-8481301,TIER_1,1027 FICTIONAL_MEDICAL_DR,FICTIONAL_CITY_39,DE,DE
1158178628,FICTIONAL_JORDAN_GONZALEZ_MD,1,261Q00000X,47-9281596,IN_NETWORK,1712 FICTIONAL_MEDICAL_DR,FICTIONAL_CITY_0,VA,VA
4736318641,FICTIONAL_JAMIE_BROWN_MD,1,207RC0000X,79-9660083,TIER_1,6661 FICTIONAL_MEDICAL_DR,FICTIONAL_CITY_1,DE,DE
5514138069,FICTIONAL_JONES_MEDICAL_CENTER,2,207RC0000X,68-2213979,TIER_2,108 FICTIONAL_MEDICAL_DR,FICTIONAL_CITY_2,DC,DC
2481641928,FICTIONAL_CASEY_JOHNSON_MD,1,207X00000X,91-9286548,TIER_2,3803 FICTIONAL_MEDICAL_DR,FICTIONAL_CITY_3,PA,PA
2076680091,FICTIONAL_SKYLAR_DAVIS_MD,1,282N00000X,10-4598393,TIER_1,3790 FICTIONAL_MEDICAL_DR,FICTIONAL_CITY_4,DE,DE
9886698288,FICTIONAL_AVERY_MARTINEZ_MD,1,2084P0800X,21-8431872,TIER_2,5552 FICTIONAL_MEDICAL_DR,FICTIONAL_CITY_5,PA,PA
2085093674,FICTIONAL_TAYLOR_WILLIAMS_MD,1,207X00000X,16-5793909,OUT_OF_NETWORK,4030 FICTIONAL_MEDICAL_DR,FICTIONAL_CITY_6,MD,MD
6875907977,FICTIONAL_SAGE_WILLIAMS_MD,1,207R00000X,23-4784822,OUT_OF_NETWORK,400 FICTIONAL_MEDICAL_DR,FICTIONAL_CITY_7,DC,DC
2096908415,FICTIONAL_WILSON_MEDICAL_CENTER,2,207Q00000X,77-7492127,OUT_OF_NETWORK,6124 FICTIONAL_MEDICAL_DR,FICTIONAL_CITY_8,PA,PA
3170900062,FICTIONAL_QUINN_RODRIGUEZ_MD,1,207RC0000X,27-9718032,OUT_OF_NETWORK,6679 FICTIONAL_MEDICAL_DR,FICTIONAL_CITY_9,DC,DC
6421166458,FICTIONAL_MORGAN_MARTINEZ_MD,1,207X00000X,83-7556923,TIER_1,9046 FICTIONAL_MEDICAL_DR,FICTIONAL_CITY_10,MD,MD
4350730881,FICTIONAL_HAYDEN_WILLIAMS_MD,1,207R00000X,29-5279134,IN_NETWORK,5132 FICTIONAL_MEDICAL_DR,FICTIONAL_CITY_11,WV,WV
4847091939,FICTIONAL_GONZALEZ_MEDICAL_CENTER,2,2084P0800X,97-4644955,OUT_OF_NETWORK,4966 FICTIONAL_MEDICAL_DR,FICTIONAL_CITY_12,PA,PA
1925120119,FICTIONAL_HAYDEN_MILLER_MD,1,207X00000X,35-3280015,IN_NETWORK,5811 FICTIONAL_MEDICAL_DR,FICTIONAL_CITY_13,PA,PA
6928559981,FICTIONAL_RILEY_MILLER_MD,1,207Q00000X,81-1114676,TIER_1,1841 FICTIONAL_MEDICAL_DR,FICTIONAL_CITY_14,NC,NC
5559364042,FICTIONAL_WILLIAMS_MEDICAL_CENTER,2,2084P0800X,72-4152901,TIER_2,1543 FICTIONAL_MEDICAL_DR,FICTIONAL_CITY_15,DE,DE
1197572708,FICTIONAL_JORDAN_BROWN_MD,1,2080P0203X,67-1549400,TIER_1,7219 FICTIONAL_MEDICAL_DR,FICTIONAL_CITY_16,DE,DE
1708911890,FICTIONAL_RILEY_DAVIS_MD,1,261Q00000X,52-5133711,TIER_1,3754 FICTIONAL_MEDICAL_DR,FICTIONAL_CITY_17,MD,MD
0149915536,FICTIONAL_SKYLAR_GARCIA_MD,1,261Q00000X,82-5736259,TIER_2,7580 FICTIONAL_MEDICAL_DR,FICTIONAL_CITY_18,DE,DE
3787969229,FICTIONAL_AVERY_BROWN_MD,1,207Q00000X,13-1911666,OUT_OF_NETWORK,7429 FICTIONAL_MEDICAL_DR,FICTIONAL_CITY_19,NC,NC
9730697643,FICTIONAL_ALEX_MILLER_MD,1,207RC0000X,37-5029500,TIER_1,8002 FICTIONAL_MEDICAL_DR,FICTIONAL_CITY_20,WV,WV
2370601728,FICTIONAL_RILEY_GONZALEZ_MD,1,207R00000X,51-1071899,IN_NETWORK,4121 FICTIONAL_MEDICAL_DR,FICTIONAL_CITY_21,NC,NC
0434991218,FICTIONAL_CASEY_BROWN_MD,1,207Q00000X,86-1185684,IN_NETWORK,5347 FICTIONAL_MEDICAL_DR,FICTIONAL_CITY_22,NC,NC
5107634326,FICTIONAL_MORGAN_DAVIS_MD,1,2080P0203X,73-4372817,TIER_2,4744 FICTIONAL_MEDICAL_DR,FICTIONAL_CITY_23,VA,VA
9761949020,FICTIONAL_AVERY_MILLER_MD,1,261Q00000X,41-7062270,TIER_1,2000 FICTIONAL_MEDICAL_DR,FICTIONAL_CITY_24,DE,DE
2031391347,FICTIONAL_HERNANDEZ_MEDICAL_CENTER,2,207R00000X,54-8699890,TIER_1,1031 FICTIONAL_MEDICAL_DR,FICTIONAL_CITY_25,MD,MD
2241533605,FICTIONAL_DREW_GARCIA_MD,1,207R00000X,10-3570397,OUT_OF_NETWORK,7007 FICTIONAL_MEDICAL_DR,FICTIONAL_CITY_26,MD,MD
7650774657,FICTIONAL_CAMERON_DAVIS_MD,1,207X00000X,33-4425389,OUT_OF_NETWORK,9630 FICTIONAL_MEDICAL_DR,FICTIONAL_CITY_27,MD,MD
9946331979,FICTIONAL_AVERY_JOHNSON_MD,1,207Q00000X,99-5589793,IN_NETWORK,7555 FICTIONAL_MEDICAL_DR,FICTIONAL_CITY_28,VA,VA
2726446083,FICTIONAL_TAYLOR_HERNANDEZ_MD,1,207X00000X,10-7490324,TIER_2,4253 FICTIONAL_MEDICAL_DR,FICTIONAL_CITY_29,DC,DC
9234269642,FICTIONAL_HAYDEN_LOPEZ_MD,1,207Q00000X,39-7540884,TIER_1,4429 FICTIONAL_MEDICAL_DR,FICTIONAL_CITY_30,DC,DC
2529595870,FICTIONAL_MORGAN_HERNANDEZ_MD,1,207Q00000X,31-7487688,IN_NETWORK,7900 FICTIONAL_MEDICAL_DR,FICTIONAL_CITY_31,WV,WV
7472395517,FICTIONAL_DREW_WILSON_MD,1,207X00000X,94-1735524,IN_NETWORK,6266 FICTIONAL_MEDICAL_DR,FICTIONAL_CITY_32,DE,DE
7770313865,FICTIONAL_AVERY_MARTINEZ_MD,1,261Q00000X,96-2648598,IN_NETWORK,8772 FICTIONAL_MEDICAL_DR,FICTIONAL_CITY_33,VA,VA
5140292199,FICTIONAL_ALEX_JOHNSON_MD,1,2084P0800X,42-5192428,OUT_OF_NETWORK,1437 FICTIONAL_MEDICAL_DR,FICTIONAL_CITY_34,DC,DC
7661648098,FICTIONAL_ALEX_WILSON_MD,1,207X00000X,46-7481475,TIER_2,275 FICTIONAL_MEDICAL_DR,FICTIONAL_CITY_35,WV,WV
1451880359,FICTIONAL_MORGAN_JONES_MD,1,207Q00000X,38-4192013,OUT_OF_NETWORK,1061 FICTIONAL_MEDICAL_DR,FICTIONAL_CITY_36,WV,WV
8511903592,FICTIONAL_RODRIGUEZ_MEDICAL_CENTER,2,207R00000X,20-8990846,OUT_OF_NETWORK,1978 FICTIONAL_MEDICAL_DR,FICTIONAL_CITY_37,VA,VA
8517810114,FICTIONAL_JONES_MEDICAL_CENTER,2,207Q00000X,93-7660551,TIER_1,149 FICTIONAL_MEDICAL_DR,FICTIONAL_CITY_38,NC,NC
5013258756,FICTIONAL_JONES_MEDICAL_CENTER,2,261Q00000X,30-8343320,TIER_1,605 FICTIONAL_MEDICAL_DR,FICTIONAL_CITY_39,VA,VA
9444383878,FICTIONAL_JOHNSON_MEDICAL_CENTER,2,2084P0800X,23-8667831,TIER_1,811 FICTIONAL_MEDICAL_DR,FICTIONAL_CITY_0,NC,NC
0045747629,FICTIONAL_BROWN_MEDICAL_CENTER,2,207RC0000X,22-7301440,TIER_1,8089 FICTIONAL_MEDICAL_DR,FICTIONAL_CITY_1,DE,DE
3170032213,FICTIONAL_QUINN_LOPEZ_MD,1,207Q00000X,37-4547446,IN_NETWORK,1608 FICTIONAL_MEDICAL_DR,FICTIONAL_CITY_2,PA,PA
2960278366,FICTIONAL_SKYLAR_DAVIS_MD,1,207Q00000X,27-8302897,TIER_1,2312 FICTIONAL_MEDICAL_DR,FICTIONAL_CITY_3,VA,VA
7813988004,FICTIONAL_SAGE_WILLIAMS_MD,1,261Q00000X,66-6450573,IN_NETWORK,2256 FICTIONAL_MEDICAL_DR,FICTIONAL_CITY_4,DE,DE
4686563436,FICTIONAL_WILSON_MEDICAL_CENTER,2,261Q00000X,27-5370218,OUT_OF_NETWORK,7740 FICTIONAL_MEDICAL_DR,FICTIONAL_CITY_5,DC,DC
3965112782,FICTIONAL_JORDAN_BROWN_MD,1,207Q00000X,11-8483671,OUT_OF_NETWORK,9747 FICTIONAL_MEDICAL_DR,FICTIONAL_CITY_6,NC,NC
3113243026,FICTIONAL_MORGAN_GONZALEZ_MD,1,282N00000X,16-8930079,IN_NETWORK,9234 FICTIONAL_MEDICAL_DR,FICTIONAL_CITY_7,WV,WV
0246102566,FICTIONAL_WILLIAMS_MEDICAL_CENTER,2,207R00000X,85-1999764,IN_NETWORK,4164 FICTIONAL_MEDICAL_DR,FICTIONAL_CITY_8,NC,NC
2364152639,FICTIONAL_MARTINEZ_MEDICAL_CENTER,2,261Q00000X,81-4764032,IN_NETWORK,277 FICTIONAL_MEDICAL_DR,FICTIONAL_CITY_9,DC,DC
7698604882,FICTIONAL_CAMERON_LOPEZ_MD,1,207Q00000X,41-6629333,TIER_2,7572 FICTIONAL_MEDICAL_DR,FICTIONAL_CITY_10,PA,PA
1505035950,FICTIONAL_SAGE_JOHNSON_MD,1,282N00000X,25-2787941,IN_NETWORK,8964 FICTIONAL_MEDICAL_DR,FICTIONAL_CITY_11,DE,DE
9463863800,FICTIONAL_SKYLAR_MARTINEZ_MD,1,2084P0800X,41-9019130,TIER_2,3235 FICTIONAL_MEDICAL_DR,FICTIONAL_CITY_12,VA,VA
7915422506,FICTIONAL_GONZALEZ_MEDICAL_CENTER,2,207X00000X,81-6688466,TIER_2,7379 FICTIONAL_MEDICAL_DR,FICTIONAL_CITY_13,DE,DE
6646621824,FICTIONAL_HERNANDEZ_MEDICAL_CENTER,2,261Q00000X,15-7971542,OUT_OF_NETWORK,2140 FICTIONAL_MEDICAL_DR,FICTIONAL_CITY_14,VA,VA
7125615154,FICTIONAL_LOPEZ_MEDICAL_CENTER,2,2080P0203X,46-9730284,TIER_2,5223 FICTIONAL_MEDICAL_DR,FICTIONAL_CITY_15,MD,MD
2532667625,FICTIONAL_BROWN_MEDICAL_CENTER,2,261Q00000X,61-3764322,IN_NETWORK,5639 FICTIONAL_MEDICAL_DR,FICTIONAL_CITY_16,PA,PA
7076647818,FICTIONAL_TAYLOR_JONES_MD,1,2084P0800X,90-1743371,OUT_OF_NETWORK,3904 FICTIONAL_MEDICAL_DR,FICTIONAL_CITY_17,DE,DE
7798294154,FICTIONAL_JOHNSON_MEDICAL_CENTER,2,207X00000X,38-3869954,TIER_2,4669 FICTIONAL_MEDICAL_DR,FICTIONAL_CITY_18,DE,DE
1029698515,FICTIONAL_JORDAN_WILLIAMS_MD,1,207Q00000X,10-4340007,TIER_1,2872 FICTIONAL_MEDICAL_DR,FICTIONAL_CITY_19,VA,VA
3089429740,FICTIONAL_WILLIAMS_MEDICAL_CENTER,2,207Q00000X,93-2537381,TIER_1,6194 FICTIONAL_MEDICAL_DR,FICTIONAL_CITY_20,NC,NC
5984003512,FICTIONAL_HAYDEN_GARCIA_MD,1,2080P0203X,94-5741624,IN_NETWORK,1139 FICTIONAL_MEDICAL_DR,FICTIONAL_CITY_21,DE,DE
8254145369,FICTIONAL_GONZALEZ_MEDICAL_CENTER,2,2080P0203X,57-1761337,TIER_1,5996 FICTIONAL_MEDICAL_DR,FICTIONAL_CITY_22,PA,PA
9099754449,FICTIONAL_JOHNSON_MEDICAL_CENTER,2,2084P0800X,52-2096387,TIER_1,5327 FICTIONAL_MEDICAL_DR,FICTIONAL_CITY_23,WV,WV
3937869246,FICTIONAL_MORGAN_RODRIGUEZ_MD,1,207Q00000X,56-8296540,OUT_OF_NETWORK,5743 FICTIONAL_MEDICAL_DR,FICTIONAL_CITY_24,DE,DE
0715213332,FICTIONAL_GONZALEZ_MEDICAL_CENTER,2,207Q00000X,81-1909759,IN_NETWORK,728 FICTIONAL_MEDICAL_DR,FICTIONAL_CITY_25,WV,WV
6377990117,FICTIONAL_RILEY_MILLER_MD,1,2080P0203X,99-6818479,TIER_1,6411 FICTIONAL_MEDICAL_DR,FICTIONAL_CITY_26,MD,MD
1952910929,FICTIONAL_CAMERON_JONES_MD,1,207R00000X,59-6632505,TIER_1,2452 FICTIONAL_MEDICAL_DR,FICTIONAL_CITY_27,PA,PA
2045297993,FICTIONAL_RODRIGUEZ_MEDICAL_CENTER,2,207X00000X,22-4897674,IN_NETWORK,5494 FICTIONAL_MEDICAL_DR,FICTIONAL_CITY_28,MD,MD
5885230107,FICTIONAL_AVERY_WILSON_MD,1,207Q00000X,54-6180655,OUT_OF_NETWORK,5806 FICTIONAL_MEDICAL_DR,FICTIONAL_CITY_29,DE,DE
2843386451,FICTIONAL_RILEY_WILLIAMS_MD,1,207RC0000X,61-1560146,TIER_2,7199 FICTIONAL_MEDICAL_DR,FICTIONAL_CITY_30,VA,VA
3970739199,FICTIONAL_RILEY_JONES_MD,1,261Q00000X,91-6529869,IN_NETWORK,2603 FICTIONAL_MEDICAL_DR,FICTIONAL_CITY_31,DE,DE
2933442453,FICTIONAL_SAGE_GARCIA_MD,1,2084P0800X,66-6321267,TIER_2,8813 FICTIONAL_MEDICAL_DR,FICTIONAL_CITY_32,VA,VA
0750840593,FICTIONAL_RILEY_MARTINEZ_MD,1,207X00000X,40-4208983,IN_NETWORK,6119 FICTIONAL_MEDICAL_DR,FICTIONAL_CITY_33,PA,PA
6728244842,FICTIONAL_QUINN_WILSON_MD,1,261Q00000X,37-1207671,TIER_1,7233 FICTIONAL_MEDICAL_DR,FICTIONAL_CITY_34,PA,PA
2546466394,FICTIONAL_JAMIE_BROWN_MD,1,2084P0800X,33-9646730,OUT_OF_NETWORK,6201 FICTIONAL_MEDICAL_DR,FICTIONAL_CITY_35,PA,PA
2310705597,FICTIONAL_JAMIE_BROWN_MD,1,2080P0203X,29-4200755,OUT_OF_NETWORK,5290 FICTIONAL_MEDICAL_DR,FICTIONAL_CITY_36,PA,PA
1164638896,FICTIONAL_QUINN_MILLER_MD,1,2080P0203X,62-9579043,OUT_OF_NETWORK,4577 FICTIONAL_MEDICAL_DR,FICTIONAL_CITY_37,NC,NC
1239361391,FICTIONAL_SKYLAR_MILLER_MD,1,207RC0000X,98-1230323,TIER_2,1810 FICTIONAL_MEDICAL_DR,FICTIONAL_CITY_38,WV,WV
2353906730,FICTIONAL_HERNANDEZ_MEDICAL_CENTER,2,2080P0203X,52-7568771,IN_NETWORK,7871 FICTIONAL_MEDICAL_DR,FICTIONAL_CITY_39,DC,DC
3824962237,FICTIONAL_JORDAN_HERNANDEZ_MD,1,261Q00000X,23-5627298,OUT_OF_NETWORK,7985 FICTIONAL_MEDICAL_DR,FICTIONAL_CITY_0,PA,PA
5938917304,FICTIONAL_GONZALEZ_MEDICAL_CENTER,2,207Q00000X,99-6350869,TIER_1,4144 FICTIONAL_MEDICAL_DR,FICTIONAL_CITY_1,PA,PA
7362702921,FICTIONAL_LOPEZ_MEDICAL_CENTER,2,2084P0800X,44-6933053,TIER_2,6804 FICTIONAL_MEDICAL_DR,FICTIONAL_CITY_2,PA,PA
4952541751,FICTIONAL_ALEX_WILLIAMS_MD,1,207X00000X,21-7410937,TIER_1,2416 FICTIONAL_MEDICAL_DR,FICTIONAL_CITY_3,PA,PA
7811594382,FICTIONAL_TAYLOR_BROWN_MD,1,207Q00000X,96-7855564,TIER_2,7996 FICTIONAL_MEDICAL_DR,FICTIONAL_CITY_4,VA,VA
1464614894,FICTIONAL_MILLER_MEDICAL_CENTER,2,2084P0800X,31-4567302,IN_NETWORK,1990 FICTIONAL_MEDICAL_DR,FICTIONAL_CITY_5,MD,MD
4050638228,FICTIONAL_HAYDEN_RODRIGUEZ_MD,1,2084P0800X,28-4771137,TIER_2,9842 FICTIONAL_MEDICAL_DR,FICTIONAL_CITY_6,MD,MD
7973514434,FICTIONAL_LOPEZ_MEDICAL_CENTER,2,207Q00000X,17-2345210,OUT_OF_NETWORK,7020 FICTIONAL_MEDICAL_DR,FICTIONAL_CITY_7,WV,WV
8856565584,FICTIONAL_ALEX_DAVIS_MD,1,2080P0203X,86-1538840,TIER_1,8450 FICTIONAL_MEDICAL_DR,FICTIONAL_CITY_8,PA,PA
7382291475,FICTIONAL_ALEX_RODRIGUEZ_MD,1,207R00000X,14-1712201,TIER_2,5925 FICTIONAL_MEDICAL_DR,FICTIONAL_CITY_9,MD,MD
1262436029,FICTIONAL_JORDAN_MARTINEZ_MD,1,2084P0800X,84-8689609,OUT_OF_NETWORK,9515 FICTIONAL_MEDICAL_DR,FICTIONAL_CITY_10,MD,MD
3297689903,FICTIONAL_CASEY_GARCIA_MD,1,207Q00000X,24-5033181,TIER_2,5018 FICTIONAL_MEDICAL_DR,FICTIONAL_CITY_11,DE,DE
1083777270,FICTIONAL_MARTINEZ_MEDICAL_CENTER,2,207Q00000X,86-5637645,TIER_1,3016 FICTIONAL_MEDICAL_DR,FICTIONAL_CITY_12,WV,WV
0947001182,FICTIONAL_CASEY_MILLER_MD,1,2084P0800X,44-1846725,TIER_2,1994 FICTIONAL_MEDICAL_DR,FICTIONAL_CITY_13,NC,NC
9841954057,FICTIONAL_LOPEZ_MEDICAL_CENTER,2,2080P0203X,69-4893887,TIER_1,1366 FICTIONAL_MEDICAL_DR,FICTIONAL_CITY_14,NC,NC
2118324153,FICTIONAL_DREW_GARCIA_MD,1,207RC0000X,46-7017412,TIER_1,2673 FICTIONAL_MEDICAL_DR,FICTIONAL_CITY_15,VA,VA
3624149613,FICTIONAL_JORDAN_GONZALEZ_MD,1,2080P0203X,33-3696090,IN_NETWORK,6981 FICTIONAL_MEDICAL_DR,FICTIONAL_CITY_16,DE,DE
1194143560,FICTIONAL_BROWN_MEDICAL_CENTER,2,207X00000X,30-1279721,IN_NETWORK,1898 FICTIONAL_MEDICAL_DR,FICTIONAL_CITY_17,DE,DE
1493343739,FICTIONAL_MILLER_MEDICAL_CENTER,2,207R00000X,42-3331608,TIER_1,3711 FICTIONAL_MEDICAL_DR,FICTIONAL_CITY_18,MD,MD
7428196928,FICTIONAL_AVERY_WILSON_MD,1,207X00000X,69-8533497,TIER_2,2782 FICTIONAL_MEDICAL_DR,FICTIONAL_CITY_19,PA,PA
6314626261,FICTIONAL_AVERY_MILLER_MD,1,207X00000X,73-6706490,TIER_2,4626 FICTIONAL_MEDICAL_DR,FICTIONAL_CITY_20,PA,PA
5163840056,FICTIONAL_JORDAN_DAVIS_MD,1,282N00000X,20-1504999,OUT_OF_NETWORK,1654 FICTIONAL_MEDICAL_DR,FICTIONAL_CITY_21,DE,DE
6101261272,FICTIONAL_MORGAN_WILLIAMS_MD,1,261Q00000X,84-1991283,TIER_2,4761 FICTIONAL_MEDICAL_DR,FICTIONAL_CITY_22,VA,VA
3613279504,FICTIONAL_TAYLOR_LOPEZ_MD,1,261Q00000X,26-6539870,OUT_OF_NETWORK,4793 FICTIONAL_MEDICAL_DR,FICTIONAL_CITY_23,VA,VA
9321537893,FICTIONAL_AVERY_MARTINEZ_MD,1,207Q00000X,11-7556733,OUT_OF_NETWORK,6944 FICTIONAL_MEDICAL_DR,FICTIONAL_CITY_24,VA,VA
9199089068,FICTIONAL_DAVIS_MEDICAL_CENTER,2,207Q00000X,99-5433804,IN_NETWORK,5097 FICTIONAL_MEDICAL_DR,FICTIONAL_CITY_25,WV,WV
0053918443,FICTIONAL_TAYLOR_MILLER_MD,1,207R00000X,11-9951926,OUT_OF_NETWORK,8728 FICTIONAL_MEDICAL_DR,FICTIONAL_CITY_26,NC,NC
2586577985,FICTIONAL_DREW_JOHNSON_MD,1,207X00000X,87-7030434,TIER_2,4718 FICTIONAL_MEDICAL_DR,FICTIONAL_CITY_27,VA,VA
8988016027,FICTIONAL_TAYLOR_MARTINEZ_MD,1,2080P0203X,14-8148943,IN_NETWORK,8897 FICTIONAL_MEDICAL_DR,FICTIONAL_CITY_28,DE,DE
9270900498,FICTIONAL_RILEY_LOPEZ_MD,1,207RC0000X,86-1523063,TIER_1,6377 FICTIONAL_MEDICAL_DR,FICTIONAL_CITY_29,DC,DC
2917532204,FICTIONAL_CAMERON_JONES_MD,1,282N00000X,89-2770326,TIER_2,8867 FICTIONAL_MEDICAL_DR,FICTIONAL_CITY_30,NC,NC
1971614759,FICTIONAL_RILEY_DAVIS_MD,1,282N00000X,12-1235703,IN_NETWORK,5690 FICTIONAL_MEDICAL_DR,FICTIONAL_CITY_31,VA,VA
1948670041,FICTIONAL_ALEX_MILLER_MD,1,207Q00000X,57-9002108,TIER_2,4489 FICTIONAL_MEDICAL_DR,FICTIONAL_CITY_32,NC,NC
1988981332,FICTIONAL_JONES_MEDICAL_CENTER,2,261Q00000X,24-3970013,TIER_2,8726 FICTIONAL_MEDICAL_DR,FICTIONAL_CITY_33,PA,PA
5867792157,FICTIONAL_RILEY_MILLER_MD,1,2080P0203X,87-3020252,OUT_OF_NETWORK,5199 FICTIONAL_MEDICAL_DR,FICTIONAL_CITY_34,PA,PA
5449364806,FICTIONAL_ALEX_BROWN_MD,1,282N00000X,21-3923493,IN_NETWORK,4813 FICTIONAL_MEDICAL_DR,FICTIONAL_CITY_35,VA,VA
1090749221,FICTIONAL_JONES_MEDICAL_CENTER,2,207Q00000X,73-1521371,IN_NETWORK,6670 FICTIONAL_MEDICAL_DR,FICTIONAL_CITY_36,DE,DE
7099327950,FICTIONAL_SKYLAR_JOHNSON_MD,1,207Q00000X,66-5965716,OUT_OF_NETWORK,289 FICTIONAL_MEDICAL_DR,FICTIONAL_CITY_37,WV,WV
2888779917,FICTIONAL_LOPEZ_MEDICAL_CENTER,2,2080P0203X,80-3768957,TIER_1,8979 FICTIONAL_MEDICAL_DR,FICTIONAL_CITY_38,DE,DE
8197475162,FICTIONAL_AVERY_JONES_MD,1,2080P0203X,65-1521934,TIER_1,1765 FICTIONAL_MEDICAL_DR,FICTIONAL_CITY_39,WV,WV
5463058409,FICTIONAL_LOPEZ_MEDICAL_CENTER,2,2084P0800X,81-7212420,TIER_2,7307 FICTIONAL_MEDICAL_DR,FICTIONAL_CITY_0,NC,NC
1619083854,FICTIONAL_AVERY_GARCIA_MD,1,261Q00000X,41-7780714,IN_NETWORK,5908 FICTIONAL_MEDICAL_DR,FICTIONAL_CITY_1,DE,DE
9700958504,FICTIONAL_JAMIE_GONZALEZ_MD,1,207R00000X,99-3624426,IN_NETWORK,3418 FICTIONAL_MEDICAL_DR,FICTIONAL_CITY_2,VA,VA
5167328249,FICTIONAL_AVERY_GARCIA_MD,1,207Q00000X,13-8325207,IN_NETWORK,9503 FICTIONAL_MEDICAL_DR,FICTIONAL_CITY_3,DC,DC
8527559826,FICTIONAL_HAYDEN_JOHNSON_MD,1,207Q00000X,94-4088336,TIER_1,8069 FICTIONAL_MEDICAL_DR,FICTIONAL_CITY_4,MD,MD
3000305037,FICTIONAL_QUINN_JONES_MD,1,207RC0000X,28-6690626,TIER_2,3390 FICTIONAL_MEDICAL_DR,FICTIONAL_CITY_5,NC,NC
7474027209,FICTIONAL_MORGAN_JONES_MD,1,207X00000X,97-1923053,OUT_OF_NETWORK,7458 FICTIONAL_MEDICAL_DR,FICTIONAL_CITY_6,VA,VA
0861572853,FICTIONAL_CAMERON_BROWN_MD,1,207RC0000X,34-1172486,OUT_OF_NETWORK,2172 FICTIONAL_MEDICAL_DR,FICTIONAL_CITY_7,PA,PA
9509190077,FICTIONAL_CASEY_WILSON_MD,1,261Q00000X,54-4784119,OUT_OF_NETWORK,4658 FICTIONAL_MEDICAL_DR,FICTIONAL_CITY_8,PA,PA
8464163558,FICTIONAL_HAYDEN_JONES_MD,1,261Q00000X,78-8970364,TIER_2,7681 FICTIONAL_MEDICAL_DR,FICTIONAL_CITY_9,PA,PA
3038333597,FICTIONAL_TAYLOR_RODRIGUEZ_MD,1,207RC0000X,16-5968120,OUT_OF_NETWORK,6988 FICTIONAL_MEDICAL_DR,FICTIONAL_CITY_10,WV,WV
4482200845,FICTIONAL_CASEY_WILSON_MD,1,207X00000X,39-2171183,TIER_1,5556 FICTIONAL_MEDICAL_DR,FICTIONAL_CITY_11,PA,PA
2555650540,FICTIONAL_ALEX_LOPEZ_MD,1,2080P0203X,84-9720987,OUT_OF_NETWORK,1117 FICTIONAL_MEDICAL_DR,FICTIONAL_CITY_12,WV,WV
5036493281,FICTIONAL_SAGE_WILLIAMS_MD,1,207X00000X,99-8187803,IN_NETWORK,815 FICTIONAL_MEDICAL_DR,FICTIONAL_CITY_13,VA,VA
5145806290,FICTIONAL_MARTINEZ_MEDICAL_CENTER,2,207R00000X,12-6008343,TIER_1,4759 FICTIONAL_MEDICAL_DR,FICTIONAL_CITY_14,DC,DC
3970839221,FICTIONAL_TAYLOR_LOPEZ_MD,1,207R00000X,80-4958735,OUT_OF_NETWORK,6452 FICTIONAL_MEDICAL_DR,FICTIONAL_CITY_15,PA,PA
3945812816,FICTIONAL_JOHNSON_MEDICAL_CENTER,2,207Q00000X,82-5223979,TIER_2,3870 FICTIONAL_MEDICAL_DR,FICTIONAL_CITY_16,DE,DE
7269514189,FICTIONAL_HAYDEN_MARTINEZ_MD,1,207RC0000X,17-3752468,TIER_1,2836 FICTIONAL_MEDICAL_DR,FICTIONAL_CITY_17,WV,WV
2807987674,FICTIONAL_CASEY_JONES_MD,1,2080P0203X,53-4736594,TIER_1,1186 FICTIONAL_MEDICAL_DR,FICTIONAL_CITY_18,VA,VA
1959091350,FICTIONAL_SAGE_LOPEZ_MD,1,282N00000X,82-5244539,OUT_OF_NETWORK,2921 FICTIONAL_MEDICAL_DR,FICTIONAL_CITY_19,DE,DE
5105025584,FICTIONAL_CASEY_JOHNSON_MD,1,2080P0203X,62-6153252,OUT_OF_NETWORK,1994 FICTIONAL_MEDICAL_DR,FICTIONAL_CITY_20,DC,DC
8327250808,FICTIONAL_AVERY_MARTINEZ_MD,1,261Q00000X,34-8375946,TIER_2,2151 FICTIONAL_MEDICAL_DR,FICTIONAL_CITY_21,DE,DE
1568938918,FICTIONAL_LOPEZ_MEDICAL_CENTER,2,2084P0800X,21-5788446,OUT_OF_NETWORK,3284 FICTIONAL_MEDICAL_DR,FICTIONAL_CITY_22,PA,PA
3990103814,FICTIONAL_TAYLOR_RODRIGUEZ_MD,1,207Q00000X,99-1502794,OUT_OF_NETWORK,1379 FICTIONAL_MEDICAL_DR,FICTIONAL_CITY_23,WV,WV
0354475168,FICTIONAL_JOHNSON_MEDICAL_CENTER,2,2084P0800X,56-4267749,TIER_1,2967 FICTIONAL_MEDICAL_DR,FICTIONAL_CITY_24,PA,PA
2312823562,FICTIONAL_SKYLAR_JONES_MD,1,2080P0203X,27-8975182,TIER_2,8936 FICTIONAL_MEDICAL_DR,FICTIONAL_CITY_25,WV,WV
0832866400,FICTIONAL_CAMERON_LOPEZ_MD,1,282N00000X,60-1602304,OUT_OF_NETWORK,100 FICTIONAL_MEDICAL_DR,FICTIONAL_CITY_26,DC,DC
6860082331,FICTIONAL_HAYDEN_BROWN_MD,1,2080P0203X,12-1263952,IN_NETWORK,6347 FICTIONAL_MEDICAL_DR,FICTIONAL_CITY_27,WV,WV
6619628749,FICTIONAL_CASEY_LOPEZ_MD,1,207X00000X,16-2540730,OUT_OF_NETWORK,3055 FICTIONAL_MEDICAL_DR,FICTIONAL_CITY_28,PA,PA
9701031723,FICTIONAL_QUINN_GONZALEZ_MD,1,207X00000X,60-1811876,IN_NETWORK,5419 FICTIONAL_MEDICAL_DR,FICTIONAL_CITY_29,WV,WV
5882263333,FICTIONAL_RILEY_BROWN_MD,1,207Q00000X,43-6228846,OUT_OF_NETWORK,5226 FICTIONAL_MEDICAL_DR,FICTIONAL_CITY_30,MD,MD
7883911027,FICTIONAL_AVERY_WILSON_MD,1,2080P0203X,69-6910180,TIER_1,5520 FICTIONAL_MEDICAL_DR,FICTIONAL_CITY_31,PA,PA
7813805059,FICTIONAL_ALEX_DAVIS_MD,1,282N00000X,97-2270793,OUT_OF_NETWORK,2063 FICTIONAL_MEDICAL_DR,FICTIONAL_CITY_32,DC,DC
1670921794,FICTIONAL_MORGAN_BROWN_MD,1,2084P0800X,75-8820240,OUT_OF_NETWORK,5392 FICTIONAL_MEDICAL_DR,FICTIONAL_CITY_33,NC,NC
5135994692,FICTIONAL_AVERY_DAVIS_MD,1,282N00000X,12-2619989,TIER_1,4218 FICTIONAL_MEDICAL_DR,FICTIONAL_CITY_34,PA,PA
4006162547,FICTIONAL_HAYDEN_LOPEZ_MD,1,207X00000X,60-6507543,TIER_1,6488 FICTIONAL_MEDICAL_DR,FICTIONAL_CITY_35,MD,MD
9312463562,FICTIONAL_MORGAN_BROWN_MD,1,2080P0203X,73-3216088,IN_NETWORK,1511 FICTIONAL_MEDICAL_DR,FICTIONAL_CITY_36,DC,DC
6722556175,FICTIONAL_JORDAN_JOHNSON_MD,1,207Q00000X,69-2061888,TIER_1,5309 FICTIONAL_MEDICAL_DR,FICTIONAL_CITY_37,WV,WV
5734628006,FICTIONAL_GARCIA_MEDICAL_CENTER,2,2084P0800X,97-3199404,TIER_1,9267 FICTIONAL_MEDICAL_DR,FICTIONAL_CITY_38,NC,NC
0054785635,FICTIONAL_CASEY_BROWN_MD,1,207RC0000X,84-6999676,TIER_2,7890 FICTIONAL_MEDICAL_DR,FICTIONAL_CITY_39,MD,MD
6749497387,FICTIONAL_RILEY_WILLIAMS_MD,1,207X00000X,72-4918731,TIER_1,931 FICTIONAL_MEDICAL_DR,FICTIONAL_CITY_0,MD,MD
1814832113,FICTIONAL_LOPEZ_MEDICAL_CENTER,2,207R00000X,29-5108476,TIER_1,2143 FICTIONAL_MEDICAL_DR,FICTIONAL_CITY_1,WV,WV
4626011520,FICTIONAL_TAYLOR_JONES_MD,1,2084P0800X,65-6169063,OUT_OF_NETWORK,2127 FICTIONAL_MEDICAL_DR,FICTIONAL_CITY_2,NC,NC
9337834946,FICTIONAL_SAGE_WILLIAMS_MD,1,207R00000X,99-9012384,TIER_2,8039 FICTIONAL_MEDICAL_DR,FICTIONAL_CITY_3,WV,WV
7310679023,FICTIONAL_QUINN_GARCIA_MD,1,207X00000X,25-9304607,TIER_2,9508 FICTIONAL_MEDICAL_DR,FICTIONAL_CITY_4,DE,DE
9265201449,FICTIONAL_HAYDEN_RODRIGUEZ_MD,1,207R00000X,10-4962708,IN_NETWORK,7351 FICTIONAL_MEDICAL_DR,FICTIONAL_CITY_5,MD,MD
4675619413,FICTIONAL_ALEX_DAVIS_MD,1,261Q00000X,20-4708231,OUT_OF_NETWORK,4919 FICTIONAL_MEDICAL_DR,FICTIONAL_CITY_6,NC,NC
5924323715,FICTIONAL_CASEY_GONZALEZ_MD,1,207X00000X,72-3732454,OUT_OF_NETWORK,4590 FICTIONAL_MEDICAL_DR,FICTIONAL_CITY_7,NC,NC
5294845164,FICTIONAL_JORDAN_BROWN_MD,1,207RC0000X,77-2959441,IN_NETWORK,1052 FICTIONAL_MEDICAL_DR,FICTIONAL_CITY_8,MD,MD
7787136374,FICTIONAL_ALEX_WILSON_MD,1,2084P0800X,97-3864477,OUT_OF_NETWORK,4503 FICTIONAL_MEDICAL_DR,FICTIONAL_CITY_9,WV,WV
7310531810,FICTIONAL_CAMERON_WILLIAMS_MD,1,207X00000X,13-3902536,IN_NETWORK,6790 FICTIONAL_MEDICAL_DR,FICTIONAL_CITY_10,DC,DC
9555527784,FICTIONAL_SAGE_BROWN_MD,1,2080P0203X,87-1447591,TIER_2,3815 FICTIONAL_MEDICAL_DR,FICTIONAL_CITY_11,PA,PA
2832848792,FICTIONAL_JORDAN_LOPEZ_MD,1,207Q00000X,55-7345712,TIER_1,9111 FICTIONAL_MEDICAL_DR,FICTIONAL_CITY_12,PA,PA
8050539823,FICTIONAL_MORGAN_JOHNSON_MD,1,261Q00000X,52-5133622,TIER_2,5630 FICTIONAL_MEDICAL_DR,FICTIONAL_CITY_13,MD,MD
4483825871,FICTIONAL_LOPEZ_MEDICAL_CENTER,2,207Q00000X,38-2993344,IN_NETWORK,1334 FICTIONAL_MEDICAL_DR,FICTIONAL_CITY_14,WV,WV
9636522846,FICTIONAL_ALEX_LOPEZ_MD,1,282N00000X,64-7565431,IN_NETWORK,4821 FICTIONAL_MEDICAL_DR,FICTIONAL_CITY_15,MD,MD
8468697452,FICTIONAL_JORDAN_GONZALEZ_MD,1,2084P0800X,70-7371139,OUT_OF_NETWORK,638 FICTIONAL_MEDICAL_DR,FICTIONAL_CITY_16,MD,MD
8574876602,FICTIONAL_MARTINEZ_MEDICAL_CENTER,2,207Q00000X,87-9944169,OUT_OF_NETWORK,9779 FICTIONAL_MEDICAL_DR,FICTIONAL_CITY_17,WV,WV
1774263390,FICTIONAL_DREW_DAVIS_MD,1,207Q00000X,41-8264082,TIER_2,3864 FICTIONAL_MEDICAL_DR,FICTIONAL_CITY_18,DE,DE
7399384818,FICTIONAL_JORDAN_MILLER_MD,1,282N00000X,94-9065866,OUT_OF_NETWORK,6601 FICTIONAL_MEDICAL_DR,FICTIONAL_CITY_19,DC,DC
7429693956,FICTIONAL_DREW_HERNANDEZ_MD,1,2080P0203X,45-8353720,TIER_2,6809 FICTIONAL_MEDICAL_DR,FICTIONAL_CITY_20,DC,DC
8931344294,FICTIONAL_RILEY_WILLIAMS_MD,1,207R00000X,57-2157506,TIER_1,8966 FICTIONAL_MEDICAL_DR,FICTIONAL_CITY_21,DE,DE
7864618567,FICTIONAL_JAMIE_JOHNSON_MD,1,2080P0203X,39-9136523,IN_NETWORK,1634 FICTIONAL_MEDICAL_DR,FICTIONAL_CITY_22,VA,VA
2500715836,FICTIONAL_CASEY_JOHNSON_MD,1,282N00000X,76-6950657,TIER_1,4663 FICTIONAL_MEDICAL_DR,FICTIONAL_CITY_23,DE,DE
2414750556,FICTIONAL_RILEY_BROWN_MD,1,207X00000X,86-6549900,IN_NETWORK,9702 FICTIONAL_MEDICAL_DR,FICTIONAL_CITY_24,DE,DE
7777474876,FICTIONAL_HAYDEN_WILSON_MD,1,207R00000X,36-1594710,IN_NETWORK,3717 FICTIONAL_MEDICAL_DR,FICTIONAL_CITY_25,WV,WV
2755551522,FICTIONAL_RILEY_HERNANDEZ_MD,1,207R00000X,83-7833085,OUT_OF_NETWORK,711 FICTIONAL_MEDICAL_DR,FICTIONAL_CITY_26,DE,DE
2504712151,FICTIONAL_TAYLOR_MARTINEZ_MD,1,2080P0203X,43-8536021,IN_NETWORK,2360 FICTIONAL_MEDICAL_DR,FICTIONAL_CITY_27,PA,PA
9897876089,FICTIONAL_SAGE_WILSON_MD,1,2084P0800X,61-6463794,IN_NETWORK,7667 FICTIONAL_MEDICAL_DR,FICTIONAL_CITY_28,DC,DC
5126763510,FICTIONAL_MORGAN_MILLER_MD,1,282N00000X,73-2805195,IN_NETWORK,9242 FICTIONAL_MEDICAL_DR,FICTIONAL_CITY_29,WV,WV
9814108038,FICTIONAL_SAGE_JONES_MD,1,2084P0800X,26-7863260,TIER_1,9078 FICTIONAL_MEDICAL_DR,FICTIONAL_CITY_30,DC,DC
6927170335,FICTIONAL_AVERY_WILLIAMS_MD,1,282N00000X,26-4912481,IN_NETWORK,6141 FICTIONAL_MEDICAL_DR,FICTIONAL_CITY_31,DE,DE
4618783755,FICTIONAL_RILEY_LOPEZ_MD,1,282N00000X,20-5154407,TIER_2,4544 FICTIONAL_MEDICAL_DR,FICTIONAL_CITY_32,PA,PA
1227973108,FICTIONAL_AVERY_WILSON_MD,1,282N00000X,89-8166450,TIER_2,1932 FICTIONAL_MEDICAL_DR,FICTIONAL_CITY_33,DC,DC
0743737278,FICTIONAL_TAYLOR_MARTINEZ_MD,1,207X00000X,13-6463515,TIER_2,5014 FICTIONAL_MEDICAL_DR,FICTIONAL_CITY_34,VA,VA
0405204294,FICTIONAL_SKYLAR_GONZALEZ_MD,1,207X00000X,41-1938547,TIER_2,5421 FICTIONAL_MEDICAL_DR,FICTIONAL_CITY_35,DC,DC
7309530369,FICTIONAL_DREW_BROWN_MD,1,282N00000X,75-2540375,IN_NETWORK,9383 FICTIONAL_MEDICAL_DR,FICTIONAL_CITY_36,WV,WV
1411781960,FICTIONAL_MORGAN_RODRIGUEZ_MD,1,207R00000X,64-7624133,OUT_OF_NETWORK,1983 FICTIONAL_MEDICAL_DR,FICTIONAL_CITY_37,DE,DE
6451581089,FICTIONAL_CAMERON_RODRIGUEZ_MD,1,282N00000X,51-8244606,OUT_OF_NETWORK,1177 FICTIONAL_MEDICAL_DR,FICTIONAL_CITY_38,VA,VA
9570457009,FICTIONAL_RILEY_BROWN_MD,1,207Q00000X,52-3096302,OUT_OF_NETWORK,4101 FICTIONAL_MEDICAL_DR,FICTIONAL_CITY_39,MD,MD
9004081045,FICTIONAL_WILSON_MEDICAL_CENTER,2,207Q00000X,98-2417598,TIER_2,8281 FICTIONAL_MEDICAL_DR,FICTIONAL_CITY_0,NC,NC
3564259083,FICTIONAL_SAGE_HERNANDEZ_MD,1,2084P0800X,77-7353078,IN_NETWORK,9704 FICTIONAL_MEDICAL_DR,FICTIONAL_CITY_1,DC,DC
4271867978,FICTIONAL_HERNANDEZ_MEDICAL_CENTER,2,207X00000X,58-3475543,TIER_2,1535 FICTIONAL_MEDICAL_DR,FICTIONAL_CITY_2,DE,DE
3672715851,FICTIONAL_MARTINEZ_MEDICAL_CENTER,2,207RC0000X,54-9724510,IN_NETWORK,2397 FICTIONAL_MEDICAL_DR,FICTIONAL_CITY_3,DC,DC
7552021504,FICTIONAL_JAMIE_HERNANDEZ_MD,1,207Q00000X,25-7728254,TIER_2,5176 FICTIONAL_MEDICAL_DR,FICTIONAL_CITY_4,WV,WV
6989979888,FICTIONAL_TAYLOR_HERNANDEZ_MD,1,207Q00000X,65-2126168,OUT_OF_NETWORK,1674 FICTIONAL_MEDICAL_DR,FICTIONAL_CITY_5,NC,NC
3130218779,FICTIONAL_WILSON_MEDICAL_CENTER,2,261Q00000X,71-5042720,IN_NETWORK,6392 FICTIONAL_MEDICAL_DR,FICTIONAL_CITY_6,VA,VA
4310253206,FICTIONAL_SKYLAR_JOHNSON_MD,1,207R00000X,14-8932722,TIER_1,2708 FICTIONAL_MEDICAL_DR,FICTIONAL_CITY_7,DC,DC
3259106680,FICTIONAL_HAYDEN_JOHNSON_MD,1,261Q00000X,31-9566556,IN_NETWORK,4745 FICTIONAL_MEDICAL_DR,FICTIONAL_CITY_8,MD,MD
7987696227,FICTIONAL_JORDAN_GARCIA_MD,1,2084P0800X,49-9721841,TIER_2,8779 FICTIONAL_MEDICAL_DR,FICTIONAL_CITY_9,WV,WV
6161517639,FICTIONAL_JAMIE_LOPEZ_MD,1,207Q00000X,64-8071649,TIER_2,1862 FICTIONAL_MEDICAL_DR,FICTIONAL_CITY_10,DE,DE
1264960224,FICTIONAL_RILEY_WILLIAMS_MD,1,207RC0000X,68-4567671,IN_NETWORK,5333 FICTIONAL_MEDICAL_DR,FICTIONAL_CITY_11,WV,WV
4912218839,FICTIONAL_MARTINEZ_MEDICAL_CENTER,2,282N00000X,63-8759898,OUT_OF_NETWORK,6968 FICTIONAL_MEDICAL_DR,FICTIONAL_CITY_12,NC,NC
7136472918,FICTIONAL_QUINN_BROWN_MD,1,207Q00000X,28-3290212,TIER_2,3019 FICTIONAL_MEDICAL_DR,FICTIONAL_CITY_13,MD,MD
5497205166,FICTIONAL_DREW_MILLER_MD,1,207Q00000X,14-8689902,TIER_2,3728 FICTIONAL_MEDICAL_DR,FICTIONAL_CITY_14,PA,PA
0585190156,FICTIONAL_BROWN_MEDICAL_CENTER,2,207Q00000X,76-4648404,TIER_2,8841 FICTIONAL_MEDICAL_DR,FICTIONAL_CITY_15,PA,PA
0701273415,FICTIONAL_SKYLAR_DAVIS_MD,1,2084P0800X,43-8431361,TIER_1,2024 FICTIONAL_MEDICAL_DR,FICTIONAL_CITY_16,WV,WV
9550124199,FICTIONAL_RODRIGUEZ_MEDICAL_CENTER,2,2080P0203X,58-9533587,IN_NETWORK,1264 FICTIONAL_MEDICAL_DR,FICTIONAL_CITY_17,NC,NC
9003553861,FICTIONAL_RILEY_WILLIAMS_MD,1,207X00000X,22-7505863,IN_NETWORK,2503 FICTIONAL_MEDICAL_DR,FICTIONAL_CITY_18,MD,MD
8756434162,FICTIONAL_ALEX_GARCIA_MD,1,2080P0203X,37-8475682,OUT_OF_NETWORK,8505 FICTIONAL_MEDICAL_DR,FICTIONAL_CITY_19,PA,PA
9148448019,FICTIONAL_CASEY_BROWN_MD,1,207R00000X,19-6177056,IN_NETWORK,398 FICTIONAL_MEDICAL_DR,FICTIONAL_CITY_20,VA,VA
0031402718,FICTIONAL_MORGAN_RODRIGUEZ_MD,1,2080P0203X,51-8114850,TIER_2,7102 FICTIONAL_MEDICAL_DR,FICTIONAL_CITY_21,PA,PA
5974656873,FICTIONAL_CAMERON_MILLER_MD,1,207Q00000X,86-6632923,IN_NETWORK,8442 FICTIONAL_MEDICAL_DR,FICTIONAL_CITY_22,VA,VA
5221749372,FICTIONAL_RILEY_JOHNSON_MD,1,282N00000X,87-9425703,IN_NETWORK,8694 FICTIONAL_MEDICAL_DR,FICTIONAL_CITY_23,MD,MD
5257323019,FICTIONAL_DREW_MILLER_MD,1,207X00000X,64-6857398,TIER_1,8700 FICTIONAL_MEDICAL_DR,FICTIONAL_CITY_24,PA,PA
3940308059,FICTIONAL_CASEY_WILLIAMS_MD,1,207RC0000X,62-7615037,IN_NETWORK,3465 FICTIONAL_MEDICAL_DR,FICTIONAL_CITY_25,DC,DC
8459686167,FICTIONAL_HAYDEN_GONZALEZ_MD,1,2084P0800X,78-2040284,OUT_OF_NETWORK,6243 FICTIONAL_MEDICAL_DR,FICTIONAL_CITY_26,WV,WV
5577720449,FICTIONAL_CAMERON_WILSON_MD,1,282N00000X,64-4004685,TIER_1,901 FICTIONAL_MEDICAL_DR,FICTIONAL_CITY_27,DE,DE
0396014041,FICTIONAL_DREW_WILLIAMS_MD,1,207X00000X,26-1856548,TIER_1,6004 FICTIONAL_MEDICAL_DR,FICTIONAL_CITY_28,DC,DC
4135518593,FICTIONAL_CASEY_WILSON_MD,1,282N00000X,18-5035155,TIER_2,354 FICTIONAL_MEDICAL_DR,FICTIONAL_CITY_29,VA,VA
2340171836,FICTIONAL_HERNANDEZ_MEDICAL_CENTER,2,2084P0800X,40-5344633,IN_NETWORK,5029 FICTIONAL_MEDICAL_DR,FICTIONAL_CITY_30,NC,NC
0982614758,FICTIONAL_MORGAN_LOPEZ_MD,1,207R00000X,42-1257084,TIER_1,3369 FICTIONAL_MEDICAL_DR,FICTIONAL_CITY_31,VA,VA
7094459873,FICTIONAL_JAMIE_LOPEZ_MD,1,261Q00000X,10-1908794,TIER_2,4729 FICTIONAL_MEDICAL_DR,FICTIONAL_CITY_32,NC,NC
7025889842,FICTIONAL_MORGAN_MARTINEZ_MD,1,207R00000X,22-8254275,OUT_OF_NETWORK,6775 FICTIONAL_MEDICAL_DR,FICTIONAL_CITY_33,PA,PA
2390072397,FICTIONAL_AVERY_GARCIA_MD,1,207X00000X,96-8270294,TIER_2,617 FICTIONAL_MEDICAL_DR,FICTIONAL_CITY_34,DC,DC
8241370369,FICTIONAL_MORGAN_BROWN_MD,1,282N00000X,39-2735383,OUT_OF_NETWORK,4959 FICTIONAL_MEDICAL_DR,FICTIONAL_CITY_35,NC,NC
4019819711,FICTIONAL_CASEY_WILLIAMS_MD,1,2080P0203X,50-1390050,TIER_1,8624 FICTIONAL_MEDICAL_DR,FICTIONAL_CITY_36,PA,PA
3304081441,FICTIONAL_DREW_WILSON_MD,1,207R00000X,52-1511639,IN_NETWORK,1363 FICTIONAL_MEDICAL_DR,FICTIONAL_CITY_37,DE,DE
0649664360,FICTIONAL_CAMERON_RODRIGUEZ_MD,1,2084P0800X,46-9208946,OUT_OF_NETWORK,1018 FICTIONAL_MEDICAL_DR,FICTIONAL_CITY_38,PA,PA
2774762506,FICTIONAL_SAGE_GONZALEZ_MD,1,2084P0800X,77-6188966,OUT_OF_NETWORK,1924 FICTIONAL_MEDICAL_DR,FICTIONAL_CITY_39,MD,MD
3238348437,FICTIONAL_DREW_MILLER_MD,1,261Q00000X,19-9814293,IN_NETWORK,5132 FICTIONAL_MEDICAL_DR,FICTIONAL_CITY_0,MD,MD
8968089457,FICTIONAL_JORDAN_DAVIS_MD,1,2080P0203X,11-7012045,TIER_2,2859 FICTIONAL_MEDICAL_DR,FICTIONAL_CITY_1,MD,MD
9365300257,FICTIONAL_JAMIE_HERNANDEZ_MD,1,2084P0800X,31-8402150,TIER_1,4825 FICTIONAL_MEDICAL_DR,FICTIONAL_CITY_2,MD,MD
8142152601,FICTIONAL_JORDAN_HERNANDEZ_MD,1,207RC0000X,65-5642167,TIER_1,8299 FICTIONAL_MEDICAL_DR,FICTIONAL_CITY_3,DE,DE
3093701472,FICTIONAL_JAMIE_JONES_MD,1,207R00000X,61-5771545,OUT_OF_NETWORK,7127 FICTIONAL_MEDICAL_DR,FICTIONAL_CITY_4,PA,PA
0605899703,FICTIONAL_DREW_RODRIGUEZ_MD,1,207X00000X,70-2677029,TIER_2,355 FICTIONAL_MEDICAL_DR,FICTIONAL_CITY_5,DE,DE
0575705146,FICTIONAL_GONZALEZ_MEDICAL_CENTER,2,207R00000X,92-9005392,TIER_1,409 FICTIONAL_MEDICAL_DR,FICTIONAL_CITY_6,DE,DE
8364645019,FICTIONAL_JAMIE_JONES_MD,1,207Q00000X,58-9570516,IN_NETWORK,7113 FICTIONAL_MEDICAL_DR,FICTIONAL_CITY_7,DE,DE
5698520454,FICTIONAL_WILSON_MEDICAL_CENTER,2,261Q00000X,48-9652791,TIER_2,2847 FICTIONAL_MEDICAL_DR,FICTIONAL_CITY_8,DC,DC
8076490555,FICTIONAL_SKYLAR_BROWN_MD,1,207R00000X,61-1608926,TIER_1,8317 FICTIONAL_MEDICAL_DR,FICTIONAL_CITY_9,WV,WV
6337110871,FICTIONAL_QUINN_MARTINEZ_MD,1,2084P0800X,15-6504264,TIER_2,4986 FICTIONAL_MEDICAL_DR,FICTIONAL_CITY_10,DE,DE
6257823933,FICTIONAL_CASEY_LOPEZ_MD,1,207R00000X,96-7463501,TIER_2,1678 FICTIONAL_MEDICAL_DR,FICTIONAL_CITY_11,VA,VA
9118615167,FICTIONAL_MILLER_MEDICAL_CENTER,2,282N00000X,51-7195168,IN_NETWORK,2631 FICTIONAL_MEDICAL_DR,FICTIONAL_CITY_12,WV,WV
4103372668,FICTIONAL_MORGAN_WILSON_MD,1,2084P0800X,26-5916271,TIER_2,9820 FICTIONAL_MEDICAL_DR,FICTIONAL_CITY_13,DC,DC
6212136546,FICTIONAL_CASEY_HERNANDEZ_MD,1,207Q00000X,10-3551218,TIER_2,7717 FICTIONAL_MEDICAL_DR,FICTIONAL_CITY_14,VA,VA
5078281271,FICTIONAL_ALEX_LOPEZ_MD,1,2084P0800X,84-3452752,OUT_OF_NETWORK,7337 FICTIONAL_MEDICAL_DR,FICTIONAL_CITY_15,PA,PA
9256688729,FICTIONAL_SAGE_GARCIA_MD,1,261Q00000X,56-3323802,IN_NETWORK,1014 FICTIONAL_MEDICAL_DR,FICTIONAL_CITY_16,WV,WV
9849075319,FICTIONAL_ALEX_JOHNSON_MD,1,207X00000X,68-3933581,OUT_OF_NETWORK,8622 FICTIONAL_MEDICAL_DR,FICTIONAL_CITY_17,DC,DC
2315932402,FICTIONAL_ALEX_HERNANDEZ_MD,1,207RC0000X,46-1410423,TIER_2,8460 FICTIONAL_MEDICAL_DR,FICTIONAL_CITY_18,NC,NC
4987493929,FICTIONAL_JAMIE_WILSON_MD,1,207R00000X,51-1949248,TIER_1,4122 FICTIONAL_MEDICAL_DR,FICTIONAL_CITY_19,PA,PA
0429586726,FICTIONAL_RILEY_MARTINEZ_MD,1,207R00000X,86-3303820,TIER_1,306 FICTIONAL_MEDICAL_DR,FICTIONAL_CITY_20,DC,DC
3232223909,FICTIONAL_SKYLAR_MARTINEZ_MD,1,2084P0800X,55-1673457,TIER_1,9044 FICTIONAL_MEDICAL_DR,FICTIONAL_CITY_21,PA,PA
2960385278,FICTIONAL_JAMIE_GARCIA_MD,1,207R00000X,76-2396878,TIER_2,2208 FICTIONAL_MEDICAL_DR,FICTIONAL_CITY_22,PA,PA
3265611210,FICTIONAL_TAYLOR_RODRIGUEZ_MD,1,207RC0000X,67-4048382,TIER_2,7854 FICTIONAL_MEDICAL_DR,FICTIONAL_CITY_23,DE,DE
9699899933,FICTIONAL_HAYDEN_WILLIAMS_MD,1,207RC0000X,98-2789519,OUT_OF_NETWORK,907 FICTIONAL_MEDICAL_DR,FICTIONAL_CITY_24,DC,DC
5486920726,FICTIONAL_MARTINEZ_MEDICAL_CENTER,2,207RC0000X,88-8327231,OUT_OF_NETWORK,6258 FICTIONAL_MEDICAL_DR,FICTIONAL_CITY_25,DE,DE
5224846068,FICTIONAL_RILEY_GONZALEZ_MD,1,207Q00000X,33-6562212,IN_NETWORK,8176 FICTIONAL_MEDICAL_DR,FICTIONAL_CITY_26,VA,VA
6805229328,FICTIONAL_DREW_JOHNSON_MD,1,207R00000X,49-3599354,TIER_1,3980 FICTIONAL_MEDICAL_DR,FICTIONAL_CITY_27,MD,MD
3027725027,FICTIONAL_DREW_JOHNSON_MD,1,207R00000X,48-9879309,TIER_1,5362 FICTIONAL_MEDICAL_DR,FICTIONAL_CITY_28,NC,NC
7528399752,FICTIONAL_MORGAN_GARCIA_MD,1,282N00000X,76-9648681,TIER_1,4728 FICTIONAL_MEDICAL_DR,FICTIONAL_CITY_29,VA,VA
6289889001,FICTIONAL_CAMERON_MARTINEZ_MD,1,207X00000X,19-8883699,TIER_2,6135 FICTIONAL_MEDICAL_DR,FICTIONAL_CITY_30,MD,MD
7342759215,FICTIONAL_MARTINEZ_MEDICAL_CENTER,2,2080P0203X,18-9895071,IN_NETWORK,4922 FICTIONAL_MEDICAL_DR,FICTIONAL_CITY_31,PA,PA
2091840217,FICTIONAL_SAGE_GARCIA_MD,1,261Q00000X,21-8423585,OUT_OF_NETWORK,2597 FICTIONAL_MEDICAL_DR,FICTIONAL_CITY_32,MD,MD
3443430657,FICTIONAL_QUINN_BROWN_MD,1,207X00000X,31-2144429,OUT_OF_NETWORK,7760 FICTIONAL_MEDICAL_DR,FICTIONAL_CITY_33,VA,VA
3172313488,FICTIONAL_JORDAN_LOPEZ_MD,1,2084P0800X,79-9695218,IN_NETWORK,8136 FICTIONAL_MEDICAL_DR,FICTIONAL_CITY_34,DE,DE
4001081908,FICTIONAL_ALEX_GONZALEZ_MD,1,207R00000X,11-6096105,OUT_OF_NETWORK,7621 FICTIONAL_MEDICAL_DR,FICTIONAL_CITY_35,PA,PA
7514921791,FICTIONAL_JORDAN_JONES_MD,1,2080P0203X,86-3749340,TIER_1,8946 FICTIONAL_MEDICAL_DR,FICTIONAL_CITY_36,PA,PA
6262540134,FICTIONAL_JORDAN_JONES_MD,1,282N00000X,67-2548380,TIER_2,2374 FICTIONAL_MEDICAL_DR,FICTIONAL_CITY_37,NC,NC
9072239871,FICTIONAL_TAYLOR_LOPEZ_MD,1,261Q00000X,84-3739076,OUT_OF_NETWORK,1092 FICTIONAL_MEDICAL_DR,FICTIONAL_CITY_38,WV,WV
5418017740,FICTIONAL_MILLER_MEDICAL_CENTER,2,2084P0800X,73-9698699,TIER_2,6581 FICTIONAL_MEDICAL_DR,FICTIONAL_CITY_39,WV,WV
1396175154,FICTIONAL_CASEY_RODRIGUEZ_MD,1,207RC0000X,99-6398266,TIER_1,8381 FICTIONAL_MEDICAL_DR,FICTIONAL_CITY_0,WV,WV
0749348518,FICTIONAL_TAYLOR_DAVIS_MD,1,2084P0800X,22-5480801,TIER_1,7801 FICTIONAL_MEDICAL_DR,FICTIONAL_CITY_1,DC,DC
9179801276,FICTIONAL_JONES_MEDICAL_CENTER,2,207X00000X,32-6279786,TIER_1,5708 FICTIONAL_MEDICAL_DR,FICTIONAL_CITY_2,DC,DC
7408347541,FICTIONAL_CASEY_JONES_MD,1,207RC0000X,78-7274540,IN_NETWORK,2517 FICTIONAL_MEDICAL_DR,FICTIONAL_CITY_3,MD,MD
9455893815,FICTIONAL_MORGAN_GONZALEZ_MD,1,282N00000X,96-4729068,TIER_1,3570 FICTIONAL_MEDICAL_DR,FICTIONAL_CITY_4,DE,DE
1566028019,FICTIONAL_RILEY_HERNANDEZ_MD,1,2084P0800X,45-3133614,OUT_OF_NETWORK,8806 FICTIONAL_MEDICAL_DR,FICTIONAL_CITY_5,WV,WV
8055789225,FICTIONAL_TAYLOR_DAVIS_MD,1,207X00000X,31-4020680,IN_NETWORK,5488 FICTIONAL_MEDICAL_DR,FICTIONAL_CITY_6,MD,MD
1016443404,FICTIONAL_JORDAN_WILLIAMS_MD,1,207R00000X,92-2292200,TIER_1,9434 FICTIONAL_MEDICAL_DR,FICTIONAL_CITY_7,PA,PA
3973847007,FICTIONAL_MORGAN_MARTINEZ_MD,1,261Q00000X,75-8488552,OUT_OF_NETWORK,2669 FICTIONAL_MEDICAL_DR,FICTIONAL_CITY_8,MD,MD
3083473793,FICTIONAL_ALEX_JOHNSON_MD,1,282N00000X,65-7012276,OUT_OF_NETWORK,918 FICTIONAL_MEDICAL_DR,FICTIONAL_CITY_9,NC,NC
3051989333,FICTIONAL_JAMIE_RODRIGUEZ_MD,1,207Q00000X,56-3505514,TIER_2,6663 FICTIONAL_MEDICAL_DR,FICTIONAL_CITY_10,WV,WV
8346465585,FICTIONAL_RILEY_GONZALEZ_MD,1,207RC0000X,92-9179250,IN_NETWORK,853 FICTIONAL_MEDICAL_DR,FICTIONAL_CITY_11,MD,MD
2560571335,FICTIONAL_SAGE_GARCIA_MD,1,282N00000X,73-7515997,IN_NETWORK,3592 FICTIONAL_MEDICAL_DR,FICTIONAL_CITY_12,WV,WV
2753159187,FICTIONAL_DAVIS_MEDICAL_CENTER,2,207Q00000X,10-5331456,TIER_1,5789 FICTIONAL_MEDICAL_DR,FICTIONAL_CITY_13,DE,DE
0253398321,FICTIONAL_SAGE_GONZALEZ_MD,1,207X00000X,58-8773467,TIER_2,4105 FICTIONAL_MEDICAL_DR,FICTIONAL_CITY_14,PA,PA
2762068957,FICTIONAL_SAGE_DAVIS_MD,1,207X00000X,92-7125744,OUT_OF_NETWORK,4485 FICTIONAL_MEDICAL_DR,FICTIONAL_CITY_15,MD,MD
8730565289,FICTIONAL_MORGAN_GARCIA_MD,1,2084P0800X,95-1158990,IN_NETWORK,9887 FICTIONAL_MEDICAL_DR,FICTIONAL_CITY_16,DE,DE
9161965030,FICTIONAL_AVERY_WILSON_MD,1,207R00000X,13-1623925,IN_NETWORK,5888 FICTIONAL_MEDICAL_DR,FICTIONAL_CITY_17,VA,VA
5955204438,FICTIONAL_CAMERON_WILSON_MD,1,207Q00000X,79-4176500,TIER_1,4254 FICTIONAL_MEDICAL_DR,FICTIONAL_CITY_18,DE,DE
5828113790,FICTIONAL_CAMERON_DAVIS_MD,1,261Q00000X,76-3957968,IN_NETWORK,8657 FICTIONAL_MEDICAL_DR,FICTIONAL_CITY_19,DC,DC
3929511038,FICTIONAL_DREW_JOHNSON_MD,1,207X00000X,95-4837170,IN_NETWORK,8431 FICTIONAL_MEDICAL_DR,FICTIONAL_CITY_20,DC,DC
5922263863,FICTIONAL_SAGE_WILLIAMS_MD,1,261Q00000X,38-5720553,IN_NETWORK,1704 FICTIONAL_MEDICAL_DR,FICTIONAL_CITY_21,WV,WV
4470172683,FICTIONAL_MORGAN_DAVIS_MD,1,261Q00000X,18-6721188,TIER_1,8744 FICTIONAL_MEDICAL_DR,FICTIONAL_CITY_22,DE,DE
3751978099,FICTIONAL_RODRIGUEZ_MEDICAL_CENTER,2,207Q00000X,57-9685632,TIER_2,5085 FICTIONAL_MEDICAL_DR,FICTIONAL_CITY_23,PA,PA
4236482541,FICTIONAL_HAYDEN_JONES_MD,1,207R00000X,50-6416529,OUT_OF_NETWORK,4289 FICTIONAL_MEDICAL_DR,FICTIONAL_CITY_24,NC,NC
3210936894,FICTIONAL_MILLER_MEDICAL_CENTER,2,207RC0000X,76-7032510,OUT_OF_NETWORK,4949 FICTIONAL_MEDICAL_DR,FICTIONAL_CITY_25,VA,VA
8290491959,FICTIONAL_JAMIE_JOHNSON_MD,1,207X00000X,70-2386343,OUT_OF_NETWORK,2550 FICTIONAL_MEDICAL_DR,FICTIONAL_CITY_26,DE,DE
3622290757,FICTIONAL_HAYDEN_MILLER_MD,1,207RC0000X,62-9508632,TIER_2,9278 FICTIONAL_MEDICAL_DR,FICTIONAL_CITY_27,MD,MD
9829745857,FICTIONAL_RILEY_DAVIS_MD,1,207R00000X,67-7338214,TIER_2,2261 FICTIONAL_MEDICAL_DR,FICTIONAL_CITY_28,VA,VA
8625347660,FICTIONAL_ALEX_GARCIA_MD,1,2084P0800X,67-5685666,TIER_1,4724 FICTIONAL_MEDICAL_DR,FICTIONAL_CITY_29,MD,MD
3544187123,FICTIONAL_ALEX_MILLER_MD,1,207X00000X,54-9793170,TIER_1,2247 FICTIONAL_MEDICAL_DR,FICTIONAL_CITY_30,MD,MD
4062381288,FICTIONAL_DREW_GONZALEZ_MD,1,207RC0000X,63-6724833,TIER_2,186 FICTIONAL_MEDICAL_DR,FICTIONAL_CITY_31,VA,VA
3772310637,FICTIONAL_CAMERON_BROWN_MD,1,207R00000X,76-8065555,TIER_2,5931 FICTIONAL_MEDICAL_DR,FICTIONAL_CITY_32,DC,DC
0616574261,FICTIONAL_CASEY_GONZALEZ_MD,1,207Q00000X,24-9918088,IN_NETWORK,1484 FICTIONAL_MEDICAL_DR,FICTIONAL_CITY_33,PA,PA
8434625074,FICTIONAL_SKYLAR_MILLER_MD,1,2084P0800X,79-4430300,TIER_2,8394 FICTIONAL_MEDICAL_DR,FICTIONAL_CITY_34,WV,WV
5452271484,FICTIONAL_TAYLOR_HERNANDEZ_MD,1,2084P0800X,10-3618945,TIER_2,7296 FICTIONAL_MEDICAL_DR,FICTIONAL_CITY_35,MD,MD
4884228485,FICTIONAL_RILEY_GONZALEZ_MD,1,2084P0800X,93-3534705,TIER_2,7050 FICTIONAL_MEDICAL_DR,FICTIONAL_CITY_36,DC,DC
2820854000,FICTIONAL_JONES_MEDICAL_CENTER,2,207R00000X,83-2627243,TIER_2,4902 FICTIONAL_MEDICAL_DR,FICTIONAL_CITY_37,VA,VA
9607320006,FICTIONAL_SAGE_HERNANDEZ_MD,1,261Q00000X,12-3127714,TIER_1,185 FICTIONAL_MEDICAL_DR,FICTIONAL_CITY_38,VA,VA
1264557855,FICTIONAL_ALEX_GONZALEZ_MD,1,2080P0203X,87-7371031,IN_NETWORK,3632 FICTIONAL_MEDICAL_DR,FICTIONAL_CITY_39,DE,DE
4657474993,FICTIONAL_JAMIE_JOHNSON_MD,1,207R00000X,47-6634197,IN_NETWORK,9780 FICTIONAL_MEDICAL_DR,FICTIONAL_CITY_0,WV,WV
7683221718,FICTIONAL_CASEY_RODRIGUEZ_MD,1,261Q00000X,29-2445590,OUT_OF_NETWORK,2596 FICTIONAL_MEDICAL_DR,FICTIONAL_CITY_1,VA,VA
1464946940,FICTIONAL_QUINN_MARTINEZ_MD,1,2080P0203X,44-2698397,OUT_OF_NETWORK,5557 FICTIONAL_MEDICAL_DR,FICTIONAL_CITY_2,WV,WV
3488002478,FICTIONAL_TAYLOR_MARTINEZ_MD,1,2080P0203X,50-8453647,OUT_OF_NETWORK,2538 FICTIONAL_MEDICAL_DR,FICTIONAL_CITY_3,NC,NC
7543080056,FICTIONAL_AVERY_LOPEZ_MD,1,2080P0203X,32-9087040,TIER_2,1569 FICTIONAL_MEDICAL_DR,FICTIONAL_CITY_4,VA,VA
9350799133,FICTIONAL_LOPEZ_MEDICAL_CENTER,2,207Q00000X,49-1680322,TIER_1,3370 FICTIONAL_MEDICAL_DR,FICTIONAL_CITY_5,NC,NC
9372246717,FICTIONAL_MORGAN_MARTINEZ_MD,1,282N00000X,37-9224388,TIER_1,4869 FICTIONAL_MEDICAL_DR,FICTIONAL_CITY_6,VA,VA
9517695661,FICTIONAL_JAMIE_GONZALEZ_MD,1,261Q00000X,72-7176853,TIER_2,6206 FICTIONAL_MEDICAL_DR,FICTIONAL_CITY_7,PA,PA
9096779258,FICTIONAL_DREW_JONES_MD,1,207Q00000X,49-5176273,TIER_2,4510 FICTIONAL_MEDICAL_DR,FICTIONAL_CITY_8,DC,DC
2896525633,FICTIONAL_TAYLOR_MILLER_MD,1,207R00000X,70-5996754,TIER_1,4712 FICTIONAL_MEDICAL_DR,FICTIONAL_CITY_9,PA,PA
1244865956,FICTIONAL_DREW_LOPEZ_MD,1,207X00000X,31-9957307,IN_NETWORK,7420 FICTIONAL_MEDICAL_DR,FICTIONAL_CITY_10,NC,NC
3671218386,FICTIONAL_MARTINEZ_MEDICAL_CENTER,2,207Q00000X,64-3815331,TIER_2,7584 FICTIONAL_MEDICAL_DR,FICTIONAL_CITY_11,VA,VA
1074287867,FICTIONAL_ALEX_BROWN_MD,1,207X00000X,61-6057832,TIER_2,4511 FICTIONAL_MEDICAL_DR,FICTIONAL_CITY_12,NC,NC
1943171607,FICTIONAL_RILEY_GARCIA_MD,1,207R00000X,94-9837573,IN_NETWORK,5182 FICTIONAL_MEDICAL_DR,FICTIONAL_CITY_13,WV,WV
7393859625,FICTIONAL_TAYLOR_GONZALEZ_MD,1,207R00000X,74-8862278,OUT_OF_NETWORK,4789 FICTIONAL_MEDICAL_DR,FICTIONAL_CITY_14,MD,MD
2789319508,FICTIONAL_QUINN_GONZALEZ_MD,1,207RC0000X,96-4126503,IN_NETWORK,9501 FICTIONAL_MEDICAL_DR,FICTIONAL_CITY_15,VA,VA
8315280478,FICTIONAL_RILEY_GARCIA_MD,1,207X00000X,28-6495152,OUT_OF_NETWORK,2967 FICTIONAL_MEDICAL_DR,FICTIONAL_CITY_16,PA,PA
5661460886,FICTIONAL_ALEX_GONZALEZ_MD,1,207X00000X,10-7342590,TIER_1,2637 FICTIONAL_MEDICAL_DR,FICTIONAL_CITY_17,DC,DC
5039423434,FICTIONAL_AVERY_RODRIGUEZ_MD,1,2084P0800X,40-9320878,TIER_1,260 FICTIONAL_MEDICAL_DR,FICTIONAL_CITY_18,VA,VA
7759886626,FICTIONAL_SAGE_GONZALEZ_MD,1,207Q00000X,50-8653125,TIER_1,1437 FICTIONAL_MEDICAL_DR,FICTIONAL_CITY_19,DC,DC
4848405096,FICTIONAL_DREW_LOPEZ_MD,1,2084P0800X,67-6073616,TIER_1,359 FICTIONAL_MEDICAL_DR,FICTIONAL_CITY_20,DC,DC
5434441254,FICTIONAL_MARTINEZ_MEDICAL_CENTER,2,207RC0000X,96-8824450,IN_NETWORK,2040 FICTIONAL_MEDICAL_DR,FICTIONAL_CITY_21,VA,VA
5313984002,FICTIONAL_MORGAN_BROWN_MD,1,207R00000X,70-9531187,TIER_2,920 FICTIONAL_MEDICAL_DR,FICTIONAL_CITY_22,DE,DE
4586940007,FICTIONAL_ALEX_WILLIAMS_MD,1,282N00000X,57-2590551,IN_NETWORK,8873 FICTIONAL_MEDICAL_DR,FICTIONAL_CITY_23,MD,MD
3131345894,FICTIONAL_DAVIS_MEDICAL_CENTER,2,282N00000X,84-3430473,IN_NETWORK,3131 FICTIONAL_MEDICAL_DR,FICTIONAL_CITY_24,PA,PA
7278826533,FICTIONAL_TAYLOR_JONES_MD,1,282N00000X,28-6614744,IN_NETWORK,7662 FICTIONAL_MEDICAL_DR,FICTIONAL_CITY_25,MD,MD
0105624528,FICTIONAL_TAYLOR_HERNANDEZ_MD,1,282N00000X,31-2171716,IN_NETWORK,9546 FICTIONAL_MEDICAL_DR,FICTIONAL_CITY_26,NC,NC
2080098470,FICTIONAL_MORGAN_DAVIS_MD,1,2080P0203X,64-7560151,OUT_OF_NETWORK,4670 FICTIONAL_MEDICAL_DR,FICTIONAL_CITY_27,PA,PA
2126246133,FICTIONAL_JORDAN_GONZALEZ_MD,1,2084P0800X,23-3556597,TIER_1,2536 FICTIONAL_MEDICAL_DR,FICTIONAL_CITY_28,PA,PA
9502037564,FICTIONAL_TAYLOR_MARTINEZ_MD,1,261Q00000X,87-2950871,TIER_2,4617 FICTIONAL_MEDICAL_DR,FICTIONAL_CITY_29,DE,DE
6531808213,FICTIONAL_DREW_MILLER_MD,1,207Q00000X,64-8759953,TIER_2,6362 FICTIONAL_MEDICAL_DR,FICTIONAL_CITY_30,NC,NC
8697949047,FICTIONAL_DREW_RODRIGUEZ_MD,1,207R00000X,68-5273632,OUT_OF_NETWORK,2698 FICTIONAL_MEDICAL_DR,FICTIONAL_CITY_31,PA,PA
1972686988,FICTIONAL_SAGE_JONES_MD,1,2084P0800X,14-8656216,OUT_OF_NETWORK,5242 FICTIONAL_MEDICAL_DR,FICTIONAL_CITY_32,VA,VA
0750465755,FICTIONAL_AVERY_DAVIS_MD,1,207RC0000X,28-1466860,OUT_OF_NETWORK,9184 FICTIONAL_MEDICAL_DR,FICTIONAL_CITY_33,MD,MD
8339354085,FICTIONAL_QUINN_BROWN_MD,1,261Q00000X,57-6542434,OUT_OF_NETWORK,5017 FICTIONAL_MEDICAL_DR,FICTIONAL_CITY_34,NC,NC
9707316052,FICTIONAL_ALEX_JONES_MD,1,207RC0000X,40-7419624,TIER_1,9816 FICTIONAL_MEDICAL_DR,FICTIONAL_CITY_35,WV,WV
7829734681,FICTIONAL_DAVIS_MEDICAL_CENTER,2,261Q00000X,39-2494432,IN_NETWORK,6596 FICTIONAL_MEDICAL_DR,FICTIONAL_CITY_36,PA,PA
3256934274,FICTIONAL_QUINN_RODRIGUEZ_MD,1,207R00000X,73-2867056,OUT_OF_NETWORK,6665 FICTIONAL_MEDICAL_DR,FICTIONAL_CITY_37,DE,DE
9730627541,FICTIONAL_ALEX_GONZALEZ_MD,1,261Q00000X,77-3038905,OUT_OF_NETWORK,216 FICTIONAL_MEDICAL_DR,FICTIONAL_CITY_38,NC,NC
6011753921,FICTIONAL_SKYLAR_GARCIA_MD,1,207X00000X,69-8099775,OUT_OF_NETWORK,568 FICTIONAL_MEDICAL_DR,FICTIONAL_CITY_39,PA,PA
1142017411,FICTIONAL_TAYLOR_LOPEZ_MD,1,2080P0203X,75-5244911,OUT_OF_NETWORK,9992 FICTIONAL_MEDICAL_DR,FICTIONAL_CITY_0,NC,NC
1053350454,FICTIONAL_DREW_DAVIS_MD,1,2084P0800X,73-3399523,IN_NETWORK,3559 FICTIONAL_MEDICAL_DR,FICTIONAL_CITY_1,MD,MD
6301961564,FICTIONAL_JAMIE_MILLER_MD,1,2084P0800X,44-3725019,TIER_1,1490 FICTIONAL_MEDICAL_DR,FICTIONAL_CITY_2,NC,NC
2923719183,FICTIONAL_RILEY_LOPEZ_MD,1,207X00000X,80-5338180,IN_NETWORK,4364 FICTIONAL_MEDICAL_DR,FICTIONAL_CITY_3,DE,DE
8901089119,FICTIONAL_TAYLOR_RODRIGUEZ_MD,1,282N00000X,54-7956612,OUT_OF_NETWORK,4256 FICTIONAL_MEDICAL_DR,FICTIONAL_CITY_4,MD,MD
3205023112,FICTIONAL_TAYLOR_HERNANDEZ_MD,1,207R00000X,26-7059400,OUT_OF_NETWORK,6339 FICTIONAL_MEDICAL_DR,FICTIONAL_CITY_5,VA,VA
2615910041,FICTIONAL_RILEY_MILLER_MD,1,282N00000X,90-5397169,TIER_2,3558 FICTIONAL_MEDICAL_DR,FICTIONAL_CITY_6,DC,DC
0600453969,FICTIONAL_JORDAN_HERNANDEZ_MD,1,207R00000X,96-4389068,TIER_2,4096 FICTIONAL_MEDICAL_DR,FICTIONAL_CITY_7,VA,VA
7603057523,FICTIONAL_MILLER_MEDICAL_CENTER,2,207RC0000X,85-5794652,TIER_2,8216 FICTIONAL_MEDICAL_DR,FICTIONAL_CITY_8,NC,NC
1707813428,FICTIONAL_CASEY_JOHNSON_MD,1,261Q00000X,28-5506335,TIER_1,8826 FICTIONAL_MEDICAL_DR,FICTIONAL_CITY_9,DC,DC
9288001503,FICTIONAL_JORDAN_JONES_MD,1,207RC0000X,91-4100113,TIER_2,2217 FICTIONAL_MEDICAL_DR,FICTIONAL_CITY_10,DE,DE
8710142448,FICTIONAL_TAYLOR_BROWN_MD,1,207R00000X,39-7364240,OUT_OF_NETWORK,678 FICTIONAL_MEDICAL_DR,FICTIONAL_CITY_11,DC,DC
3293995346,FICTIONAL_GONZALEZ_MEDICAL_CENTER,2,261Q00000X,61-6972125,OUT_OF_NETWORK,4167 FICTIONAL_MEDICAL_DR,FICTIONAL_CITY_12,PA,PA
0455837597,FICTIONAL_TAYLOR_GARCIA_MD,1,282N00000X,30-5864609,IN_NETWORK,4426 FICTIONAL_MEDICAL_DR,FICTIONAL_CITY_13,VA,VA
2283781062,FICTIONAL_SKYLAR_WILSON_MD,1,207X00000X,20-9928414,OUT_OF_NETWORK,9080 FICTIONAL_MEDICAL_DR,FICTIONAL_CITY_14,NC,NC
8850890996,FICTIONAL_WILSON_MEDICAL_CENTER,2,207X00000X,93-4856339,TIER_2,6795 FICTIONAL_MEDICAL_DR,FICTIONAL_CITY_15,VA,VA
0619757525,FICTIONAL_ALEX_MARTINEZ_MD,1,207X00000X,58-9751363,IN_NETWORK,9083 FICTIONAL_MEDICAL_DR,FICTIONAL_CITY_16,PA,PA
2022356879,FICTIONAL_RILEY_DAVIS_MD,1,2080P0203X,78-5325476,TIER_2,9214 FICTIONAL_MEDICAL_DR,FICTIONAL_CITY_17,NC,NC
4115107466,FICTIONAL_HAYDEN_WILLIAMS_MD,1,2084P0800X,99-8368143,OUT_OF_NETWORK,831 FICTIONAL_MEDICAL_DR,FICTIONAL_CITY_18,PA,PA
0805313513,FICTIONAL_HAYDEN_GONZALEZ_MD,1,2080P0203X,19-6736894,IN_NETWORK,5607 FICTIONAL_MEDICAL_DR,FICTIONAL_CITY_19,WV,WV
8037714218,FICTIONAL_CASEY_JONES_MD,1,282N00000X,47-8937809,IN_NETWORK,4681 FICTIONAL_MEDICAL_DR,FICTIONAL_CITY_20,PA,PA
4278389463,FICTIONAL_JORDAN_JOHNSON_MD,1,2080P0203X,31-6318276,OUT_OF_NETWORK,4080 FICTIONAL_MEDICAL_DR,FICTIONAL_CITY_21,WV,WV
1348310396,FICTIONAL_SAGE_GARCIA_MD,1,282N00000X,44-1236838,TIER_2,5909 FICTIONAL_MEDICAL_DR,FICTIONAL_CITY_22,WV,WV
0291742712,FICTIONAL_SKYLAR_GONZALEZ_MD,1,207Q00000X,56-7609478,TIER_2,6666 FICTIONAL_MEDICAL_DR,FICTIONAL_CITY_23,DC,DC
1117901318,FICTIONAL_SKYLAR_HERNANDEZ_MD,1,261Q00000X,15-5723267,OUT_OF_NETWORK,3223 FICTIONAL_MEDICAL_DR,FICTIONAL_CITY_24,MD,MD
1494973443,FICTIONAL_LOPEZ_MEDICAL_CENTER,2,2084P0800X,55-9045214,TIER_2,5486 FICTIONAL_MEDICAL_DR,FICTIONAL_CITY_25,MD,MD
8450769822,FICTIONAL_QUINN_HERNANDEZ_MD,1,261Q00000X,44-7448659,TIER_1,7184 FICTIONAL_MEDICAL_DR,FICTIONAL_CITY_26,PA,PA
5498926760,FICTIONAL_MORGAN_DAVIS_MD,1,2084P0800X,15-8677171,IN_NETWORK,8312 FICTIONAL_MEDICAL_DR,FICTIONAL_CITY_27,MD,MD
0503313427,FICTIONAL_CAMERON_JOHNSON_MD,1,282N00000X,79-4669335,IN_NETWORK,7965 FICTIONAL_MEDICAL_DR,FICTIONAL_CITY_28,NC,NC
2838178053,FICTIONAL_AVERY_GARCIA_MD,1,261Q00000X,61-8298094,TIER_2,9211 FICTIONAL_MEDICAL_DR,FICTIONAL_CITY_29,DE,DE
3432487759,FICTIONAL_DREW_DAVIS_MD,1,282N00000X,82-4057106,OUT_OF_NETWORK,6836 FICTIONAL_MEDICAL_DR,FICTIONAL_CITY_30,MD,MD
2628874085,FICTIONAL_MORGAN_HERNANDEZ_MD,1,2084P0800X,42-7625432,IN_NETWORK,339 FICTIONAL_MEDICAL_DR,FICTIONAL_CITY_31,PA,PA
6390849159,FICTIONAL_RODRIGUEZ_MEDICAL_CENTER,2,2080P0203X,15-2631496,TIER_1,4321 FICTIONAL_MEDICAL_DR,FICTIONAL_CITY_32,VA,VA
1127078644,FICTIONAL_CAMERON_JOHNSON_MD,1,207Q00000X,45-3034074,IN_NETWORK,1619 FICTIONAL_MEDICAL_DR,FICTIONAL_CITY_33,WV,WV
9959072973,FICTIONAL_CASEY_HERNANDEZ_MD,1,282N00000X,10-8552419,TIER_2,2895 FICTIONAL_MEDICAL_DR,FICTIONAL_CITY_34,DE,DE
5846602352,FICTIONAL_CAMERON_RODRIGUEZ_MD,1,207Q00000X,25-1988251,TIER_2,7570 FICTIONAL_MEDICAL_DR,FICTIONAL_CITY_35,NC,NC
8605310829,FICTIONAL_DREW_RODRIGUEZ_MD,1,207X00000X,23-9209981,OUT_OF_NETWORK,4659 FICTIONAL_MEDICAL_DR,FICTIONAL_CITY_36,PA,PA
8915806862,FICTIONAL_GONZALEZ_MEDICAL_CENTER,2,2084P0800X,97-6784761,IN_NETWORK,9586 FICTIONAL_MEDICAL_DR,FICTIONAL_CITY_37,MD,MD
3247412943,FICTIONAL_ALEX_HERNANDEZ_MD,1,282N00000X,40-7350773,IN_NETWORK,567 FICTIONAL_MEDICAL_DR,FICTIONAL_CITY_38,PA,PA
7478807192,FICTIONAL_JAMIE_GARCIA_MD,1,2080P0203X,88-2081999,TIER_1,4692 FICTIONAL_MEDICAL_DR,FICTIONAL_CITY_39,DE,DE
2693302657,FICTIONAL_WILLIAMS_MEDICAL_CENTER,2,261Q00000X,87-2496943,OUT_OF_NETWORK,5526 FICTIONAL_MEDICAL_DR,FICTIONAL_CITY_0,DE,DE
2779698739,FICTIONAL_MORGAN_RODRIGUEZ_MD,1,261Q00000X,70-2606164,IN_NETWORK,1185 FICTIONAL_MEDICAL_DR,FICTIONAL_CITY_1,VA,VA
2394393823,FICTIONAL_TAYLOR_JONES_MD,1,207RC0000X,66-5481988,TIER_2,2471 FICTIONAL_MEDICAL_DR,FICTIONAL_CITY_2,DE,DE
8181893115,FICTIONAL_CASEY_JONES_MD,1,207Q00000X,34-9365069,IN_NETWORK,3214 FICTIONAL_MEDICAL_DR,FICTIONAL_CITY_3,DE,DE
8713672615,FICTIONAL_JORDAN_HERNANDEZ_MD,1,282N00000X,36-6450131,TIER_2,1085 FICTIONAL_MEDICAL_DR,FICTIONAL_CITY_4,VA,VA
1209555220,FICTIONAL_AVERY_MILLER_MD,1,2080P0203X,72-3256350,IN_NETWORK,728 FICTIONAL_MEDICAL_DR,FICTIONAL_CITY_5,PA,PA
8853028982,FICTIONAL_SKYLAR_WILSON_MD,1,207X00000X,88-8504593,TIER_1,7862 FICTIONAL_MEDICAL_DR,FICTIONAL_CITY_6,NC,NC
1930165612,FICTIONAL_SKYLAR_MARTINEZ_MD,1,207RC0000X,90-2203890,OUT_OF_NETWORK,6506 FICTIONAL_MEDICAL_DR,FICTIONAL_CITY_7,PA,PA
2913252914,FICTIONAL_HAYDEN_LOPEZ_MD,1,207Q00000X,11-2003204,TIER_2,6938 FICTIONAL_MEDICAL_DR,FICTIONAL_CITY_8,WV,WV
4242539656,FICTIONAL_CASEY_JOHNSON_MD,1,207R00000X,75-8118503,IN_NETWORK,6734 FICTIONAL_MEDICAL_DR,FICTIONAL_CITY_9,WV,WV
1287925295,FICTIONAL_CAMERON_WILLIAMS_MD,1,282N00000X,83-9450577,TIER_1,2726 FICTIONAL_MEDICAL_DR,FICTIONAL_CITY_10,NC,NC
0354486611,FICTIONAL_RILEY_JOHNSON_MD,1,207RC0000X,70-7550863,OUT_OF_NETWORK,2085 FICTIONAL_MEDICAL_DR,FICTIONAL_CITY_11,VA,VA
9704784005,FICTIONAL_SAGE_HERNANDEZ_MD,1,261Q00000X,48-4520476,TIER_1,6392 FICTIONAL_MEDICAL_DR,FICTIONAL_CITY_12,DC,DC
8468631139,FICTIONAL_AVERY_HERNANDEZ_MD,1,2084P0800X,82-1986894,TIER_2,154 FICTIONAL_MEDICAL_DR,FICTIONAL_CITY_13,NC,NC
4088478662,FICTIONAL_AVERY_GARCIA_MD,1,207RC0000X,81-8935769,TIER_2,8374 FICTIONAL_MEDICAL_DR,FICTIONAL_CITY_14,NC,NC
9958767334,FICTIONAL_TAYLOR_JONES_MD,1,2084P0800X,35-3043898,TIER_1,9934 FICTIONAL_MEDICAL_DR,FICTIONAL_CITY_15,MD,MD
4704634698,FICTIONAL_RODRIGUEZ_MEDICAL_CENTER,2,2080P0203X,49-7037658,TIER_2,4357 FICTIONAL_MEDICAL_DR,FICTIONAL_CITY_16,PA,PA
9943670924,FICTIONAL_SKYLAR_HERNANDEZ_MD,1,2084P0800X,72-8920771,OUT_OF_NETWORK,826 FICTIONAL_MEDICAL_DR,FICTIONAL_CITY_17,DE,DE
5593663045,FICTIONAL_CAMERON_DAVIS_MD,1,2084P0800X,69-3330595,IN_NETWORK,1866 FICTIONAL_MEDICAL_DR,FICTIONAL_CITY_18,MD,MD
3684074271,FICTIONAL_AVERY_GONZALEZ_MD,1,2084P0800X,17-8084403,OUT_OF_NETWORK,2402 FICTIONAL_MEDICAL_DR,FICTIONAL_CITY_19,DC,DC
